user_id,n_events,n_unique_businesses,start_time,end_time
-0MIp6WKJ8QvGnYZQ5ETyg,19,19,2018-06-11 22:57:47+00:00,2021-11-27 23:13:27+00:00
-1VbC_BSr9ai4drsuCCJxA,7,4,2012-03-01 20:19:13+00:00,2012-03-19 22:20:11+00:00
-6DoXmdXEy_P5N-QZzntgA,12,11,2012-07-24 18:18:37+00:00,2015-10-06 18:33:48+00:00
-6cPEM5jtb6A2M6mggn47g,10,9,2021-07-17 03:09:09+00:00,2021-11-15 15:56:17+00:00
-8lbUNlXVSoXqaRRiHiSNg,9,9,2009-05-21 19:38:29+00:00,2017-01-22 00:11:20+00:00
-DLVCiMg_uM0ihm8PcHWcw,7,7,2021-05-19 02:38:38+00:00,2021-05-21 11:14:57+00:00
-EYAh6B8abzsq8ld_XGoRw,12,12,2015-08-08 23:54:09+00:00,2019-03-01 21:21:33+00:00
-Hm4V0KMXftGms0O-uHZiw,5,5,2016-05-28 21:38:16+00:00,2017-09-02 00:15:47+00:00
-MiV-B9p4rO652My4HjYlA,5,5,2017-06-04 03:32:01+00:00,2018-04-29 18:35:51+00:00
-PR-NbnExaqupp8rJRHB8g,5,5,2017-12-08 18:03:21+00:00,2017-12-08 18:18:29+00:00
-Q-PQD7nZ1dhADQTYwlsOA,14,13,2017-12-08 03:33:53+00:00,2021-12-29 16:16:23+00:00
-QmEKJ_CzZnT9biZHddfZQ,106,90,2015-01-09 08:21:12+00:00,2019-03-23 00:09:24+00:00
-TQmf01XtBe5jOkHb84WPA,10,10,2021-04-11 02:03:17+00:00,2021-07-26 18:22:18+00:00
-YXBkT3IAz1tUNKLtmvx0A,9,9,2012-08-20 20:26:05+00:00,2019-01-03 18:20:54+00:00
-ZQK7CcOHeMwsoG7qKBGkA,8,7,2012-03-10 05:15:44+00:00,2019-05-27 00:12:16+00:00
-_yn1IOKetBJuPxfK6u8IA,56,55,2017-09-28 03:32:58+00:00,2021-10-10 15:46:26+00:00
-a3lBj2ulBxrIwZf4zdMTA,5,5,2014-05-21 15:38:02+00:00,2015-02-17 17:54:00+00:00
-j1-ixhH0IhAlBXwdjpBug,6,6,2014-01-08 02:26:30+00:00,2021-10-16 02:08:11+00:00
-l0-k3ezghmIHCtCnrTdLA,21,19,2015-07-12 16:00:22+00:00,2021-04-12 20:08:27+00:00
-l1bn8D8iZ0n9Q0PgIDGBA,15,11,2012-08-07 04:13:20+00:00,2020-11-19 18:58:10+00:00
-mU1Bd61e_LQ38IKgd3i5Q,10,7,2018-12-14 19:30:45+00:00,2020-08-26 17:19:53+00:00
-pUJtDKDeYYBa7ZoyJFBMw,33,33,2015-01-30 20:20:46+00:00,2019-04-17 15:42:43+00:00
-psFb4sFsOm0oRLY2Kye0A,28,26,2014-08-03 02:56:20+00:00,2019-02-09 10:52:01+00:00
-vZrPZX54a1m-hqAKMTTWg,5,5,2010-07-10 00:08:34+00:00,2014-08-25 16:37:29+00:00
-yQw7ugqK6j81yQSpI0BJQ,5,5,2014-03-07 04:23:23+00:00,2016-01-25 19:56:35+00:00
0-VeqEryJUgtML9lSqvKMQ,6,5,2012-05-22 00:20:43+00:00,2019-02-02 21:35:27+00:00
01uDjmkqP32bTkCHuWIKBA,7,7,2016-10-26 01:11:03+00:00,2017-03-18 01:04:09+00:00
02hZ8ZzZ1wJHFE1_fPuOwA,8,8,2015-05-13 23:57:16+00:00,2019-05-30 00:39:54+00:00
07ZgihuH-9Ih5dyI9hxRvw,6,5,2015-12-26 22:51:52+00:00,2015-12-31 23:52:06+00:00
0JpB9eEFeKER7UfY8dhxQA,5,5,2017-06-27 01:41:45+00:00,2017-06-27 04:40:43+00:00
0NRrwhCDOv3jK2ZcKBnpQg,6,6,2021-05-01 00:49:26+00:00,2021-05-14 04:03:43+00:00
0P3MgBcGzj-LtQA3lQXghw,5,5,2019-08-16 02:01:35+00:00,2021-09-18 23:48:52+00:00
0QzRChUjM48JQarMb9t7ig,9,8,2015-10-06 04:30:33+00:00,2015-10-06 06:19:21+00:00
0SW6-0e8NXaLPyMiUMWlgw,15,14,2017-06-01 19:33:23+00:00,2021-10-29 19:56:30+00:00
0Tcj5uCoc6y1xRIw2sIUnQ,5,5,2014-01-05 17:27:43+00:00,2021-09-19 02:08:26+00:00
0W86OPpGSTzjo6nUuUNWQQ,12,10,2015-05-27 12:47:00+00:00,2018-06-30 17:03:48+00:00
0eAE3nci8RZRAjgg5mIEUQ,6,6,2017-12-28 17:40:11+00:00,2020-07-02 19:16:38+00:00
0fW-YQvz2iC113CRl9xOrQ,12,12,2012-06-24 20:46:41+00:00,2014-09-03 02:16:50+00:00
0juMoWXC7z4c7LgQP2s3sA,58,44,2011-03-19 14:23:39+00:00,2014-12-09 18:57:36+00:00
0lMv7mbe73ZqF3OvjrZkyQ,7,7,2012-02-16 04:12:20+00:00,2019-11-20 23:03:52+00:00
0oBj63QKATcyxa6PLAVgoA,6,5,2020-05-11 20:10:21+00:00,2020-10-16 21:41:21+00:00
0oCP58mpEC2myGlDaRqqIw,5,5,2018-08-05 17:49:17+00:00,2019-03-17 23:15:43+00:00
0rHReikDIqL2jZsQJTR5LA,5,5,2018-05-11 00:10:37+00:00,2020-11-10 13:30:33+00:00
1-oaItKi4vz-z2dF7S2oNw,9,8,2015-07-25 00:40:05+00:00,2017-01-16 22:51:14+00:00
10FMZoatpQvFO4_jXgVcdQ,15,15,2012-07-13 18:49:34+00:00,2021-04-28 21:01:05+00:00
10Gvgz8QBwZmZigxPv6szw,9,8,2015-06-03 23:19:07+00:00,2019-10-22 20:04:00+00:00
12icG6GeSG6qWnHspF0tHQ,57,50,2015-08-09 20:55:40+00:00,2021-02-15 16:31:17+00:00
13PmeqpB9nUZNBYngvMj2g,7,7,2016-09-07 21:34:22+00:00,2017-05-21 13:55:02+00:00
15G6wy_y65sIwQkB1vwvXA,6,6,2018-12-29 19:24:58+00:00,2020-08-20 18:16:26+00:00
167omeb1w3nnsgG_XsNJYA,7,6,2019-07-08 18:57:00+00:00,2019-07-25 18:37:48+00:00
16c91F4TZSA_WjO4XmsBMg,36,33,2019-02-08 01:49:45+00:00,2020-03-15 05:32:20+00:00
1OsvnngVv7faatPCykZcjA,7,7,2016-07-02 13:15:26+00:00,2020-11-28 22:17:27+00:00
1PDpJNO1t-BsPZWM6zperQ,5,5,2017-06-20 12:49:39+00:00,2019-12-07 00:11:51+00:00
1PEpIGgb2dJO120MEfPbIg,18,16,2014-10-18 20:36:57+00:00,2019-07-26 00:48:49+00:00
1Xx0GXRCFEPMc8GWVR-WRA,6,6,2014-08-03 18:54:19+00:00,2018-08-18 05:41:49+00:00
1ZLJs1J-eYuSL9V9cjClNA,6,6,2013-11-30 18:02:59+00:00,2013-11-30 21:45:37+00:00
1_ereNz73hcAbYill07O4g,5,5,2012-07-10 01:27:18+00:00,2021-05-04 21:42:18+00:00
1deDzlWUCW8JUhODGBbB5w,18,16,2019-07-12 21:29:56+00:00,2021-05-15 04:42:45+00:00
1ip4bTJgXwbNBSVsyS3E8A,5,5,2018-08-06 14:21:10+00:00,2020-10-27 00:00:11+00:00
1kCh5bef88kJuEROh_x0qg,7,7,2016-08-21 21:50:38+00:00,2016-10-15 18:44:18+00:00
1oyOCpBY-oFIfc_HQFSMvQ,5,5,2014-05-24 16:59:36+00:00,2021-03-22 17:49:41+00:00
1pCMgUubbT55bEi2_xw0gQ,6,6,2015-08-11 02:46:04+00:00,2016-03-25 01:26:34+00:00
1r-qp5xs_YDnWd9uASN2Zw,5,5,2016-06-17 20:14:33+00:00,2020-09-14 19:40:23+00:00
1s00HiDgj8kTyF4BWUAhRg,10,9,2011-12-12 06:08:08+00:00,2014-05-18 22:38:55+00:00
1toLeDRKxW72eybEI_Lz2Q,13,9,2013-07-27 21:30:16+00:00,2020-03-07 21:35:52+00:00
2-iZ3lifB5gGWcpP6EgCCw,7,7,2013-02-24 23:35:40+00:00,2018-01-28 01:11:49+00:00
2DbgNul5tT2QSIZnS0V_RQ,5,4,2015-05-25 18:14:25+00:00,2020-11-10 17:35:12+00:00
2E2NzYDjIk7dL3TcOl1NxA,6,6,2020-07-24 14:59:03+00:00,2021-10-27 21:47:14+00:00
2FY3ETpGCbFPOOHmCGSXig,14,13,2021-02-15 00:21:49+00:00,2021-12-05 23:27:09+00:00
2Hdot8bpjmvtBLLZWXOPMQ,11,8,2021-06-28 00:16:27+00:00,2022-01-02 06:38:52+00:00
2Ij6ZjcsarLIOWNfgmVKcw,12,11,2013-03-16 19:57:32+00:00,2015-06-01 14:57:27+00:00
2JfNOO7Cv5eTVOTeIYKkaQ,9,9,2012-11-04 22:10:55+00:00,2021-12-09 16:32:53+00:00
2LINyz4Yl7aFlkInyL0KvA,8,8,2013-03-08 01:36:16+00:00,2014-09-06 00:50:50+00:00
2MZ7wSCTQtxEAYCvVueTag,12,12,2013-02-10 00:07:51+00:00,2014-04-21 18:17:56+00:00
2YhDjr0PcilkN_dcp16R6Q,5,5,2014-05-15 14:24:28+00:00,2021-09-26 00:04:51+00:00
2a-J1TbyFZKcAJ1Ap5MUrw,6,4,2015-08-11 17:55:32+00:00,2015-08-20 20:25:49+00:00
2a9uyq3zsX5RIxG_jtpM4Q,149,144,2013-02-26 22:19:08+00:00,2018-12-07 17:17:05+00:00
2aqjbuRVv5iyvJP8dUCWTw,5,5,2009-07-22 03:11:22+00:00,2011-09-02 21:03:36+00:00
2db7UH7qOD35M__0wZKt4w,13,12,2016-07-28 19:53:02+00:00,2019-04-02 14:36:12+00:00
2i89rpEFc6_dqhdWmXtMaQ,15,15,2015-11-06 23:08:53+00:00,2019-08-01 02:48:18+00:00
2lEyb6TyMTaB8IFV62sCAA,6,5,2015-06-23 18:15:24+00:00,2017-09-06 15:06:18+00:00
2nnCLoNSBITdQjXaBdLIdA,10,9,2017-04-21 04:24:22+00:00,2022-01-08 02:00:53+00:00
2pIVRpHric00N2HCHmKV9w,5,5,2015-06-21 23:58:10+00:00,2018-04-08 21:52:23+00:00
2tIN9jTDxEoF-gSRSnUkPw,7,7,2018-11-27 01:39:25+00:00,2019-01-14 23:21:40+00:00
2wvdpjLgbY4RvOoDrJ1tEA,7,7,2016-06-20 03:34:28+00:00,2018-01-14 17:55:35+00:00
30F5TB8825KDsfVrnQTKsw,10,7,2014-11-18 01:31:10+00:00,2021-05-19 02:13:10+00:00
328rVFXP8uJQjh8vy7HZ4Q,13,12,2019-03-03 04:17:26+00:00,2019-10-25 21:50:06+00:00
32EIO-AvcxA5WBTVZWdW1A,12,10,2014-05-25 15:55:39+00:00,2016-09-29 01:52:47+00:00
3CSPAKNl9RqZm0I-ZN7IvQ,24,21,2012-05-14 13:47:12+00:00,2021-03-24 18:38:54+00:00
3Cj25SsNE1ZuaWX75Xr4rA,11,11,2016-12-08 16:27:28+00:00,2020-12-08 22:48:12+00:00
3DWDH5MJbfS1g_MXmNbf4w,10,9,2012-07-12 21:15:34+00:00,2018-09-16 19:29:53+00:00
3JcNV0lGNwk4eQzVT1rF8Q,8,8,2016-10-28 06:18:59+00:00,2018-09-07 05:49:44+00:00
3MjgnP15DVSFer9SFI3Bkw,6,6,2013-08-23 16:43:51+00:00,2021-04-09 01:02:33+00:00
3RqYAJfEJDxIpX3xjnCmLw,87,83,2012-02-06 16:42:32+00:00,2018-08-23 19:03:58+00:00
3Z04sdgq22PYtrNswSfz6g,16,11,2012-04-22 01:09:54+00:00,2018-07-22 20:22:48+00:00
3aDmSX1qvq49rqcJQlywnw,25,21,2018-01-08 00:23:03+00:00,2020-03-27 12:52:55+00:00
3bIbqh4KqGx4fRaccLjThA,22,20,2015-09-03 01:34:17+00:00,2017-09-02 05:33:40+00:00
3dOD4idb5GqLLsDsReaFeQ,5,5,2015-11-27 22:46:08+00:00,2020-03-07 21:30:15+00:00
3edsm9Faeg3JoPVC7AJ0HA,27,25,2013-11-23 23:56:28+00:00,2016-03-13 15:11:51+00:00
3fEC7SxwGoUH4yWny_x4og,9,9,2017-02-20 04:23:18+00:00,2017-05-25 01:01:21+00:00
3jLOQJHkRk-qQARirCByYQ,22,19,2013-08-08 22:00:33+00:00,2018-09-26 16:05:13+00:00
3lx4zwjar1Tsdvd4HCo4jg,10,8,2015-06-28 01:37:51+00:00,2016-03-06 01:09:43+00:00
3uNaBdaSDghV4mWN1WWWCw,29,28,2009-05-11 02:36:41+00:00,2021-10-07 12:31:16+00:00
3yTBmOgMBYNmFXe1PNSssw,11,10,2016-07-20 19:15:20+00:00,2020-10-04 15:10:44+00:00
41MkK8zdg__ryOQnzzuSlw,5,4,2014-04-06 00:43:42+00:00,2020-07-05 17:41:27+00:00
47TuxUy9UQkVivfoqqLAKQ,5,4,2015-05-03 18:26:34+00:00,2019-02-25 22:11:27+00:00
48E8klZrUJZw0BlNzXolNQ,5,5,2018-07-15 01:01:50+00:00,2020-11-15 22:09:32+00:00
4LEgzB8iCt-ELL8RkOyxVg,15,15,2014-05-31 19:58:19+00:00,2017-07-03 14:04:10+00:00
4MUAGuqUKJtHPn1rOoXdtg,10,10,2015-02-22 02:36:52+00:00,2019-09-29 03:12:18+00:00
4OcTMOPBwY-IET2Qi6e9GA,11,11,2014-05-04 00:53:12+00:00,2019-08-29 00:37:48+00:00
4QnCNzp1jpMPaS0AnjYBLg,11,11,2012-02-03 21:37:32+00:00,2016-07-11 19:56:17+00:00
4TWxEoflOQB-0BIxD_PsYw,5,5,2015-03-07 23:23:24+00:00,2015-03-09 00:06:12+00:00
4UwB9p2W1JV2wrkXPWXwwQ,7,7,2014-02-09 08:09:27+00:00,2016-04-05 01:28:16+00:00
4XAigL1jG_J1ZwC9Hu6ZQg,23,22,2016-07-16 05:26:44+00:00,2017-02-05 19:11:58+00:00
4YHpWfw2_0mFuEset7pLfA,17,14,2012-01-12 02:40:36+00:00,2015-10-13 23:16:05+00:00
4kLNVonQ7k4bAwtL4leRbw,8,8,2016-01-19 03:57:33+00:00,2017-01-18 00:14:48+00:00
4ncqeCTfDWRd-8SUVcDvSg,7,7,2020-01-04 20:39:23+00:00,2021-03-12 22:03:56+00:00
4tvekNNUXGGbStdhwJOM_A,12,12,2011-02-12 18:43:45+00:00,2020-05-20 22:33:14+00:00
4urNhVtE0u0Eq9djxQqOMA,5,4,2016-03-21 00:04:52+00:00,2017-03-29 23:09:59+00:00
4v9Wc4MX0A6HHGfkghbhZg,47,38,2015-07-08 00:11:58+00:00,2020-09-19 17:31:10+00:00
4x2YP5HRi4z1mSI29YC_Ug,7,6,2017-05-14 21:14:43+00:00,2018-01-22 02:44:24+00:00
4yhFQ41Ju_QrEEyR-bnAZA,5,5,2013-07-13 18:25:42+00:00,2017-01-31 02:58:10+00:00
505f6LjP1Y_ofO29BuIn0A,5,3,2012-03-15 15:43:21+00:00,2017-10-30 21:01:21+00:00
50rxO0T8Z_5azw-V3dJLpg,9,8,2015-02-07 02:08:08+00:00,2019-02-04 23:40:22+00:00
51J0DDJS22fKeYWrxA56qA,5,5,2017-03-29 01:43:09+00:00,2019-09-15 20:50:09+00:00
51Mzh0f6vH0-ZiXj9jFVhw,10,10,2018-12-09 11:56:27+00:00,2021-03-15 22:21:05+00:00
53-0CIUo-pd5ysfvHXb2yQ,5,5,2010-07-26 03:37:30+00:00,2012-03-16 08:46:23+00:00
56QSLA3M13Xk1YQ0pXa5tg,64,62,2013-04-09 19:42:08+00:00,2015-02-07 10:09:51+00:00
57isKa2QYAhBmSw0phrRDg,6,6,2010-05-14 14:37:59+00:00,2010-12-30 03:57:29+00:00
5CHSYIv5X8ybaA0LndWaEQ,5,5,2017-05-14 19:39:29+00:00,2017-12-29 22:37:27+00:00
5DL6Gx3zdZb8YXtlpFhmkw,11,9,2014-11-30 05:09:31+00:00,2017-04-01 17:51:32+00:00
5FYEtbk8dSSp63LA7fu1Lw,6,6,2013-08-21 16:10:00+00:00,2014-07-08 01:45:11+00:00
5Fjs7GKqFu1Feg6-RufCuA,47,45,2008-05-15 13:31:37+00:00,2016-03-28 17:00:08+00:00
5Fwg3IQNXb_VRwC6revvpg,12,9,2017-10-27 16:19:45+00:00,2018-03-15 20:14:42+00:00
5G6P9ctMoLtkOe9jRTSONw,6,4,2010-09-15 21:19:03+00:00,2017-05-24 18:42:11+00:00
5K0fBWj5bek3vGU3Svf61Q,7,5,2015-12-28 20:44:48+00:00,2016-06-17 00:00:04+00:00
5ORHA1uWD3GxWq5DlEZU7g,6,6,2012-11-16 16:43:53+00:00,2012-12-11 16:07:59+00:00
5P62O12MbDoeyIID4Kyrng,8,8,2014-03-18 16:30:52+00:00,2017-03-27 15:19:27+00:00
5Sa5eBLh--gQ740BUPETtA,8,7,2014-07-24 01:41:30+00:00,2021-07-23 22:21:08+00:00
5VRu5uB7ORo0mUYKpGYz2w,6,5,2015-11-14 22:05:18+00:00,2020-02-24 22:15:15+00:00
5_Lyyx0QxzBWes-rWX2qWw,25,23,2010-09-11 23:25:51+00:00,2015-09-22 16:09:28+00:00
5fyBgjLIT-Tt6rXIb9QllQ,11,11,2014-08-14 23:57:46+00:00,2021-04-10 17:19:27+00:00
5hMjGLu-QXyHVmRx4SIi0Q,6,6,2018-01-15 02:43:55+00:00,2020-05-04 12:22:54+00:00
5pz-aXTubStlIgjp28Rdaw,8,8,2021-06-19 16:23:57+00:00,2022-01-05 22:32:59+00:00
5uhZbK8Fu_VD71zzwtVQ_Q,11,11,2014-04-02 02:13:51+00:00,2020-03-16 16:36:59+00:00
5uthbpu4AkVeFfNBIPBjZA,5,5,2008-05-25 18:48:22+00:00,2011-12-12 17:55:25+00:00
5yZr0ZOYqPykAXWTNHS4Sw,110,65,2013-07-17 16:46:06+00:00,2017-07-24 15:48:12+00:00
65ImPKzTM8FDDLEScDjVFw,5,5,2016-11-28 16:02:09+00:00,2019-10-20 21:41:07+00:00
68963__E9ipbuaEKjEkfRQ,6,6,2015-06-14 21:34:15+00:00,2018-03-11 19:23:50+00:00
6C8Ne6yRu6TzBLbhfhdduw,138,130,2019-01-30 19:15:57+00:00,2021-11-22 17:03:26+00:00
6DZZO3lH_u6riY9PxAmF7g,8,8,2014-05-19 23:36:15+00:00,2019-12-04 02:48:33+00:00
6HCyMWzgRYexwGCNWbLlFg,7,7,2016-02-28 00:53:20+00:00,2020-02-16 01:01:23+00:00
6I5oZmEkXEzJiVGyrqecTw,8,8,2017-04-06 18:57:49+00:00,2022-01-03 18:19:31+00:00
6Nbc29KSLuses46gGiQmNw,6,3,2016-08-07 19:57:51+00:00,2020-01-12 22:29:19+00:00
6OfZD5jh5VdKu0iesOiggA,42,41,2015-02-13 05:04:23+00:00,2019-11-28 13:44:49+00:00
6Tbarl0uObmmhRpTagSHeA,6,6,2016-12-28 05:48:42+00:00,2018-07-15 23:00:39+00:00
6ULWXgDTwp-d91927AcnbQ,7,7,2013-08-25 03:05:11+00:00,2018-06-15 23:48:27+00:00
6VEL7i246NsaHu4T_1WTvA,13,11,2013-12-05 18:29:09+00:00,2015-08-30 12:00:43+00:00
6WxhaJVulNUUsNZJ7waaGw,48,44,2012-12-30 22:09:17+00:00,2018-07-14 20:46:54+00:00
6eCRJd8XL94hVBZyOS5Cgg,8,8,2017-06-11 14:38:43+00:00,2021-05-10 02:14:38+00:00
6fLYq0zPb46LTl4i5R6QdQ,7,7,2016-03-12 19:37:17+00:00,2018-03-07 23:13:01+00:00
6icu2w2Llljakm5CrOYoVg,25,24,2017-11-16 13:45:53+00:00,2022-01-11 14:24:45+00:00
6mFXqES400I4b4tpEuCSwg,40,32,2016-09-22 03:48:03+00:00,2021-06-13 03:35:03+00:00
6pIs1ACiUCAMN5QlV-hhjQ,11,10,2018-05-02 14:14:07+00:00,2019-08-12 19:36:33+00:00
6q-QDrPQSjbE3qpWazjphg,9,5,2018-05-22 03:43:05+00:00,2019-08-08 21:43:51+00:00
7-yZhJfvsUC7ru2H6h965Q,5,5,2012-08-14 19:01:50+00:00,2014-06-18 23:00:49+00:00
73xRtTbE-vw07Nufyp5twg,11,11,2015-04-24 15:28:27+00:00,2021-03-16 13:40:45+00:00
79xmVhmZTwEfkKd2K9cBcA,6,6,2016-10-17 03:55:56+00:00,2021-07-10 02:53:18+00:00
7D8Nkcb6ujJCGIBkQ93Nhw,8,8,2013-03-06 14:53:37+00:00,2015-10-18 22:54:51+00:00
7Eq71a1cwHZ-T-k9pusdlw,17,16,2011-10-22 23:48:06+00:00,2015-06-18 23:59:10+00:00
7J-yjbrIkrtsEh1J41a6dA,23,20,2018-03-17 16:13:14+00:00,2021-10-19 15:55:50+00:00
7MneXFWqHcdcNNFBz52OkQ,6,5,2015-08-20 13:38:29+00:00,2017-04-14 19:01:39+00:00
7PX0tBKF2SEXZL8nfkoz6A,6,6,2019-11-21 01:30:09+00:00,2021-11-17 14:18:28+00:00
7PZ3zf7imfiqU-Dyau5JOA,22,18,2011-01-19 20:30:34+00:00,2013-03-04 19:40:06+00:00
7YXyZp00JU_PjSyLCDpITg,5,3,2017-08-29 23:43:12+00:00,2019-04-29 03:05:20+00:00
7_bkOv2-rqxI_IxoxO7fcw,5,5,2019-04-21 13:57:43+00:00,2019-04-22 03:01:28+00:00
7a5xVAMhxn9StliGtvyVXw,13,12,2013-05-19 01:34:41+00:00,2017-10-07 05:16:42+00:00
7dG76pMZyJ_450sDpomwQg,26,21,2015-11-07 01:51:40+00:00,2021-10-22 00:34:10+00:00
7ihniF9YdlXsObIYPHZ9Zg,5,5,2017-10-21 18:33:57+00:00,2017-10-24 23:28:13+00:00
7lQr595yf07nYmgQ-DChgA,11,11,2011-02-06 20:11:47+00:00,2011-05-22 03:26:25+00:00
7uOr2_NMoIUJDzTgicmbLw,6,6,2016-12-20 05:06:59+00:00,2021-09-19 21:22:02+00:00
7yA1eM8IyKFa8zJxQfUFng,83,61,2012-04-08 00:28:51+00:00,2021-07-21 14:26:22+00:00
83kydCNDNi5cQuh3ILLVvg,32,29,2016-04-15 15:37:33+00:00,2021-07-19 22:55:56+00:00
864qGKT31izMD-uEONbqLQ,5,5,2016-10-19 22:45:15+00:00,2020-06-26 02:05:18+00:00
86UlfAuehJBlAm06GXzBFA,9,9,2019-11-10 01:38:40+00:00,2021-07-21 15:59:15+00:00
86fipBwL3HjJd7c_UhtpNA,8,8,2018-04-22 20:04:06+00:00,2018-06-22 02:11:03+00:00
87X_fbfge3a00aD-fJwgbA,6,5,2018-09-19 20:06:42+00:00,2018-11-17 17:17:14+00:00
8GYPLFRdSl317EgD6Ox8Pw,19,19,2011-02-26 03:37:53+00:00,2021-11-14 00:18:16+00:00
8RRUjWq_JCojHHAHmwXpdw,23,20,2013-09-07 00:09:43+00:00,2018-11-06 21:25:50+00:00
8RgVFXrRnyy6DVBe0SVCTw,7,6,2017-09-04 21:16:40+00:00,2018-11-25 01:09:29+00:00
8Rsk_QxsheU01ali2ar0rg,14,14,2017-12-27 05:00:50+00:00,2020-10-31 17:59:20+00:00
8S8Vn_P5wQgC3LMDI7_uZA,5,5,2011-01-31 16:28:21+00:00,2011-11-11 19:56:33+00:00
8TmB1EAteclC5vAlgEguBA,5,4,2015-01-25 22:56:15+00:00,2016-05-21 01:48:49+00:00
8WFVPJHCpaEQe9SeG8B7jg,10,9,2012-03-13 22:22:43+00:00,2013-10-30 01:37:23+00:00
8atyZ5ZHLuN7dQoWqFfQeg,11,11,2013-05-23 08:50:28+00:00,2021-05-31 00:00:31+00:00
8i44YNsLcG4QB_vYbOCdvw,40,15,2010-04-29 01:50:39+00:00,2019-05-23 18:57:44+00:00
8mjvoi3-CIuGGpFvIElj5g,6,6,2012-07-10 23:17:47+00:00,2020-09-10 19:44:33+00:00
8oW8AgoDwIO8zObOD9IacQ,6,5,2009-06-08 01:08:24+00:00,2017-06-02 17:20:05+00:00
8pD-h427Y_aDcPxhDR7z8g,173,111,2009-06-10 11:23:47+00:00,2017-11-12 02:23:57+00:00
8qE3WisgXGm1nXxIBbM1Sg,10,10,2019-09-22 21:00:48+00:00,2020-10-02 19:08:22+00:00
8sN5xAOSfcqvO-If6nF7Hg,20,18,2016-09-14 12:27:29+00:00,2019-06-19 01:42:55+00:00
8xNsJ8Amji8xhaQ-3ABZ-w,21,16,2018-03-09 14:17:27+00:00,2020-12-14 14:17:21+00:00
90LhNTiAW-yZ-02ks5QLIw,11,8,2019-12-20 00:32:37+00:00,2021-11-19 23:59:00+00:00
96YkaD7jVs4sXXoSytxogQ,7,5,2017-12-26 09:18:40+00:00,2020-10-12 05:43:20+00:00
9C2ztWzDKBkN1o1qtT77Tg,7,7,2011-02-09 17:40:13+00:00,2012-12-08 03:03:28+00:00
9DiJLroN8jf1j5nxgWiBVw,5,5,2010-03-19 13:34:24+00:00,2013-04-30 10:35:42+00:00
9FGFghIFROXJC6fpORsJaA,7,4,2015-04-17 17:53:33+00:00,2018-06-26 16:22:42+00:00
9ME52ggZxDojxENEgQTFoQ,7,7,2016-08-13 11:25:09+00:00,2018-10-27 19:55:06+00:00
9SyeNq0ln5WvBAiawzItCQ,15,15,2014-03-02 00:23:44+00:00,2014-07-24 03:28:25+00:00
9Tjl8JIBdRljx2qoNVOkkA,23,23,2013-09-02 22:59:44+00:00,2020-09-16 03:02:30+00:00
9UTJNIyd-W9u6X_XzY_EnQ,9,9,2016-03-18 23:36:58+00:00,2019-08-30 23:12:20+00:00
9eqmrvVdTqIAtVnP4uErag,18,16,2019-08-17 14:10:40+00:00,2021-10-10 19:50:29+00:00
9f5NZKt5ca05plBaJK8dbw,7,5,2016-09-11 02:07:53+00:00,2021-02-26 22:36:30+00:00
9jxdX438tkiuCEwpzojeVg,5,5,2014-07-29 20:43:51+00:00,2014-08-03 03:44:38+00:00
9lmop9S70gBd8-xMeokSsQ,7,6,2013-01-28 23:24:28+00:00,2018-10-25 03:41:28+00:00
9q8qKP-k3eDS1b19ozh_dg,28,26,2017-02-17 04:01:12+00:00,2017-08-15 05:29:23+00:00
9rQ-1w3XcC4iPLZhdFpEoQ,15,15,2012-05-10 00:42:41+00:00,2016-05-31 18:39:20+00:00
9uQZSsw1fxAW7sfa-uCNQA,7,5,2014-09-18 03:27:27+00:00,2015-05-12 02:20:41+00:00
9ukBi_EHvEYMKfKJaXsCCQ,5,5,2013-12-28 01:14:57+00:00,2015-12-11 00:31:06+00:00
A-Q8B87FqO4Ym6PW4w-a4w,6,6,2015-06-28 19:52:14+00:00,2017-10-01 16:14:36+00:00
A7CIyRrCic7392kihfO9cw,34,28,2012-01-14 01:37:39+00:00,2020-04-18 21:06:10+00:00
A9tUlN3vJBxIIKSUAgIPAg,13,12,2013-06-15 00:59:48+00:00,2021-01-11 20:37:30+00:00
AL56au5XO_CpxIUG9itlRQ,9,9,2016-01-02 23:09:07+00:00,2018-10-18 12:45:59+00:00
APTXbNi0z1rndLT4RrZlPQ,7,7,2014-10-29 23:44:19+00:00,2015-04-20 17:07:44+00:00
AULMnhV2lvHeX1SyuwYpIg,8,8,2018-08-29 18:34:16+00:00,2021-06-22 21:13:10+00:00
AVHpzzL5nWK9DNj0iNhMuQ,10,10,2021-05-26 02:13:54+00:00,2022-01-02 00:04:34+00:00
AWl03RK1j1vCEtp9hZ1kGw,11,9,2014-10-18 19:12:16+00:00,2021-10-06 00:41:47+00:00
AbANvs8XMAynUaMX-yRwmA,26,18,2012-01-19 17:19:55+00:00,2014-06-09 16:38:35+00:00
AbKQK0qWh0yS4zcKD63CJA,5,5,2018-05-20 14:25:20+00:00,2018-07-22 05:09:10+00:00
AfccxjKm5bXDkMJmR4U_jw,6,6,2011-05-29 18:52:40+00:00,2019-11-15 18:15:51+00:00
AhWH6vJxwW_2X7px923s4A,7,6,2015-09-20 02:23:21+00:00,2016-06-19 06:29:12+00:00
AnklF9Yl3-_WtnE3UVKhug,5,5,2016-02-29 15:19:02+00:00,2016-10-24 15:38:38+00:00
Anx6fA6jHXmLS7oaUFXJcw,135,93,2009-04-21 23:13:13+00:00,2012-03-07 06:54:08+00:00
ApLNfKAZaoHra68RDqNc5A,6,6,2021-04-13 20:21:34+00:00,2021-05-05 18:00:33+00:00
ApU6JH060NFwj-vWtYSnng,20,18,2011-05-07 12:00:54+00:00,2019-11-19 18:14:34+00:00
AqMTCZQhrNE5wp8FfMdF4Q,6,5,2017-03-30 19:17:43+00:00,2019-08-16 04:49:21+00:00
Ar0bSCVCwm2m7zknSqoJ7g,8,7,2012-05-14 23:53:08+00:00,2012-12-15 02:05:24+00:00
B-zYhfJXIeorX7Au0szmuw,14,13,2012-11-05 16:39:42+00:00,2013-04-05 23:14:30+00:00
B0WllkuBSbKiEQdba7oDqw,51,49,2011-10-05 02:03:05+00:00,2021-10-28 17:32:20+00:00
B1Sd6x9y1pd4PWAGrHo3xw,11,10,2017-12-06 01:50:30+00:00,2019-12-09 19:09:06+00:00
B4JCtIWy5F_HdpOiWmoehQ,5,5,2013-12-15 00:05:04+00:00,2018-11-29 16:09:37+00:00
B9XQV2_H31eGXc2u84DBrQ,6,6,2014-09-22 14:04:42+00:00,2014-09-24 14:51:42+00:00
BCe4G7hipGralBrxP3zohg,7,6,2014-10-15 04:35:30+00:00,2020-09-10 17:12:59+00:00
BF--mvZ0nX6EixyAn45MgQ,5,5,2012-09-16 21:08:09+00:00,2016-02-22 15:35:47+00:00
BH0oRNG_gQ2_uHkNXu1BHw,12,8,2015-08-24 07:51:40+00:00,2021-08-17 04:12:52+00:00
BHmMszxIdaIEYQ71m4UXwg,17,14,2016-08-26 00:19:33+00:00,2019-01-31 23:21:51+00:00
BJ3CCvFv9l8eNH_cun2C_g,7,6,2018-03-30 21:52:42+00:00,2020-12-31 23:29:31+00:00
BJb7tRkFKouMM5dasjXghg,13,12,2012-10-21 14:22:53+00:00,2014-08-02 20:55:24+00:00
BRk2yc1ax9NVPhBzhWGKJg,26,25,2017-09-28 16:59:48+00:00,2021-03-12 20:24:22+00:00
BT7wW9cag2NruuBjXSPa4g,6,5,2014-07-06 01:01:30+00:00,2019-04-06 01:37:38+00:00
B_6HlbxJIXCH1EpzTmKUEQ,7,7,2019-09-07 04:09:20+00:00,2020-08-23 01:27:48+00:00
BfrmjP8vcYzE1NM_1iydUw,7,7,2019-04-07 12:22:58+00:00,2021-02-01 04:20:41+00:00
BgZazgMoKPIb3aefyPH7nA,38,34,2010-09-09 03:24:27+00:00,2021-07-13 01:26:14+00:00
BifKXqBKDtUG1FcFo3YmXg,8,8,2016-01-30 12:51:47+00:00,2019-07-19 13:04:49+00:00
Bk3FIBR8ujP97RNT2E856g,23,22,2014-03-26 15:03:05+00:00,2021-12-15 23:56:36+00:00
Bt-R-1JFFJ16kW8mpmIkYQ,8,4,2009-05-08 23:35:49+00:00,2015-07-02 23:53:12+00:00
BundOhhU66aDA5evpfxFhQ,12,10,2015-03-18 03:22:46+00:00,2019-04-22 17:40:00+00:00
BwrccHlkp3xbIEZRIaAd-Q,95,74,2016-06-19 23:14:47+00:00,2021-11-08 14:22:51+00:00
C0s8a1uSN31DvZRSUQxPnQ,5,5,2013-02-06 18:23:22+00:00,2017-06-09 14:26:53+00:00
C0vmWVLf7Kk202ltEZxnTQ,10,10,2018-01-14 01:17:58+00:00,2020-09-11 23:27:47+00:00
C2aiyN4gcEPNfPm94ZoK-A,18,17,2015-11-19 19:09:01+00:00,2016-01-13 05:03:51+00:00
CCNhUBv0Br_V_4GYIzP1-g,15,12,2013-10-28 18:46:21+00:00,2021-05-27 14:35:44+00:00
CHeMEder5ijEoCPLWjto_Q,315,159,2011-11-04 17:16:41+00:00,2019-10-18 10:18:12+00:00
CJzZr2i7eczlt1ZzUTIfyA,11,10,2016-09-10 02:22:44+00:00,2019-12-12 15:28:07+00:00
CMyI-HxcIyx3DgQMi4RlKQ,6,6,2011-11-16 16:40:52+00:00,2015-02-18 16:06:58+00:00
CQDg6a4wDgkqRUJZSzXc-w,93,78,2016-09-12 02:47:59+00:00,2022-01-03 01:08:38+00:00
CTl0VeGdRuYC-SQjL6dyFA,22,20,2011-06-29 15:00:48+00:00,2016-09-10 00:04:30+00:00
CVykZEJt9f3r-N4rwDSOUA,5,5,2014-03-17 20:15:28+00:00,2018-11-26 17:11:40+00:00
CX90wCFjtd5XrOcDbq2LXQ,10,9,2014-10-14 19:30:47+00:00,2020-03-06 00:12:19+00:00
Ccddp-vnQJdTfJXYm0VfTg,13,13,2011-07-20 11:35:29+00:00,2021-07-03 15:32:32+00:00
CdXDc0B1C9Bb_cBnj3unhQ,6,6,2015-12-30 20:49:49+00:00,2021-10-14 00:56:41+00:00
CgyDV9vFQxDG4CCwmy1DHQ,5,5,2018-01-03 19:20:52+00:00,2019-09-25 17:31:49+00:00
Ci0BwfDoR5pssc9qFbBXtg,12,12,2011-07-09 00:59:13+00:00,2017-12-15 16:14:53+00:00
CrHmKkHjDeatH_Al1tA_bA,5,5,2014-01-08 18:37:29+00:00,2014-10-07 22:11:55+00:00
Cs72RRoeaDYlzTI559baAw,18,18,2020-03-07 18:29:40+00:00,2021-02-21 12:21:26+00:00
Cy-9C0jchr2994TYuPB-CA,9,8,2016-01-27 02:15:36+00:00,2016-01-31 07:40:47+00:00
CzOzhuZq5_-JSx7TtlPxEw,5,5,2020-10-19 01:37:55+00:00,2020-10-19 18:03:33+00:00
D03upeuF2ujZrkOGvG9S9g,20,15,2016-08-06 05:22:13+00:00,2020-08-05 19:35:59+00:00
D2WBLgdkgS69phazNyk8fA,12,12,2013-08-06 02:09:14+00:00,2013-10-23 18:36:12+00:00
D2zUnoQddNriv7meYdh-og,6,5,2015-06-17 15:47:33+00:00,2017-06-18 18:05:14+00:00
D7-KBgqB4ax7JeJMWOh2eA,5,5,2013-01-31 21:23:09+00:00,2015-05-17 23:57:25+00:00
D89P0L7HeYUAEfm88rpWgw,5,5,2015-06-01 19:44:20+00:00,2018-03-17 21:14:11+00:00
DEFtEdqzIjufKlKlBcUXjA,6,5,2017-09-13 23:40:28+00:00,2021-02-24 01:52:18+00:00
DEpRiOoisiQ7C48rUMpo1Q,8,4,2017-05-16 19:44:49+00:00,2018-10-09 04:22:14+00:00
DG09bmwC9KbIhhLrNVyNpQ,5,5,2009-10-05 15:11:52+00:00,2010-10-24 00:44:23+00:00
DHDcrxaZB9xtQluAbsm4kA,6,6,2017-10-12 20:12:30+00:00,2020-01-06 00:14:10+00:00
DKflxq0TIfcytOy4NHfzSQ,40,40,2018-06-09 21:56:41+00:00,2021-11-12 05:16:11+00:00
DNPcxmIPik7BjJCfhAjmHA,5,5,2016-06-11 19:35:29+00:00,2018-09-12 21:39:42+00:00
DOj9NanlJP3xntULCy5Uow,5,4,2015-10-21 21:09:21+00:00,2021-04-13 18:11:05+00:00
DQqKnv4_x0VKu8AGXL3fRg,10,9,2018-01-28 19:04:31+00:00,2019-04-18 23:25:06+00:00
D_k5FMYuU-iM6TM9UHm2gw,5,5,2016-03-27 19:07:29+00:00,2019-04-27 08:37:53+00:00
DddhEBGHlvCkI1pZIeQ26A,10,10,2018-06-07 16:59:42+00:00,2018-10-07 20:31:59+00:00
DmfT2HBhi7iJS2zjuP7LHw,38,33,2015-02-08 21:55:32+00:00,2021-12-20 14:22:59+00:00
DpICLS_YULIDrrSx-9y7mw,7,7,2016-04-12 01:28:32+00:00,2022-01-12 01:45:15+00:00
DpQkAl1T7LjnrD8Yp1xqKQ,5,5,2015-09-29 11:46:37+00:00,2015-09-29 12:20:03+00:00
Dup9bRkbtiUeEZJn8sV3Qw,8,8,2014-08-21 17:53:54+00:00,2017-01-07 22:09:22+00:00
DvV1vSqSDfM1xq7ZlsD7LA,7,7,2012-09-05 22:56:01+00:00,2020-03-31 21:45:36+00:00
E4l9V_HIS30m683r7t1tsQ,8,8,2018-06-24 18:12:23+00:00,2019-12-18 03:35:29+00:00
E83utrUHDcRz4fkM1RcnAA,5,5,2012-02-27 19:28:50+00:00,2012-02-27 20:12:42+00:00
EJCdAp5V6nY1neXDBxIWIg,5,5,2015-01-25 22:08:19+00:00,2020-02-26 16:28:44+00:00
EL7M7hkYHEbXrYICz2jrjg,7,7,2019-03-02 21:34:43+00:00,2020-02-25 23:42:41+00:00
ELAfGVuGSdF_F5ZAjScmuQ,39,39,2016-09-07 17:00:48+00:00,2021-09-19 02:46:18+00:00
ENBMZXX3ndtfJouRwQfK2Q,5,5,2016-03-31 19:15:37+00:00,2016-06-19 17:06:22+00:00
ETTgsiuBjUH5ZrpopQdJog,5,4,2011-08-13 03:43:26+00:00,2013-01-02 03:54:52+00:00
EWBOMeX_OIcAWXuvs_4SKw,15,14,2015-06-07 03:16:47+00:00,2017-11-11 03:55:23+00:00
EX8IBK47hkhn5vmUK9Zapg,7,7,2016-01-02 16:59:06+00:00,2019-02-27 23:10:23+00:00
Ea9eK_hPuyNX_3ee5eeWKQ,5,4,2013-01-31 17:38:21+00:00,2017-11-17 19:44:13+00:00
EcALn2zLCFa5CcLJU41FiA,10,9,2018-06-27 17:53:39+00:00,2020-11-23 23:39:43+00:00
Ed7bYTRKq9zxhqe4x8zyUg,7,7,2014-10-19 00:21:56+00:00,2018-01-05 02:31:23+00:00
EeI4yjrvQi_H_q-5CXjUfg,7,7,2010-03-09 13:54:14+00:00,2014-03-18 15:20:38+00:00
EjLbQQiz093KnubKfIvINQ,5,5,2020-03-10 21:53:06+00:00,2020-03-12 16:27:53+00:00
El1B-LD3p_TxuKr61FA7dQ,15,15,2016-01-23 21:33:52+00:00,2018-04-26 19:22:48+00:00
ElMFfuOLtIMioFu5cNvLzA,30,23,2010-08-04 00:37:09+00:00,2014-12-31 04:59:21+00:00
EmFmu3jzYIhbRf-Pn4MSCg,31,28,2010-06-03 10:59:19+00:00,2019-04-27 06:10:11+00:00
Eo8lE6YTCdepIe6jFBLY8g,12,12,2020-02-28 21:22:48+00:00,2020-11-08 14:42:43+00:00
Eqxq2AfFjnut6DwnSmoFtw,7,7,2016-10-30 07:24:28+00:00,2020-01-21 06:13:27+00:00
ErGx-mxO_2ettuuoWyrdKw,5,5,2016-03-15 16:46:26+00:00,2018-12-01 15:45:15+00:00
F4hYr8e1tsHChae80QP_Zw,13,10,2014-10-26 16:37:30+00:00,2021-03-15 20:42:40+00:00
F5dcvW1xry-LFoVLTYwPxQ,5,5,2016-09-16 03:37:27+00:00,2021-04-25 07:15:45+00:00
FBd1Qjnnc1Loh7ZY7FD9Zg,10,10,2015-05-23 19:39:12+00:00,2016-08-01 23:51:13+00:00
FFKXYa7GorddjVbL_tUIMQ,7,6,2015-10-04 20:27:18+00:00,2019-01-24 18:55:24+00:00
FOX1YV6UwT1UmHLaKEpQEA,5,5,2015-07-22 02:24:56+00:00,2019-08-07 19:28:08+00:00
FOr8-Ti5mmAgolMogQ5xnA,10,10,2011-06-19 02:45:59+00:00,2017-12-02 00:05:57+00:00
FRuY-52dJKwYWj-hFcQX4g,7,5,2015-01-27 04:15:53+00:00,2020-02-09 00:49:00+00:00
FS1Ixg7ze8Pa0zlriLg4Zg,5,5,2019-05-27 00:41:38+00:00,2019-08-30 14:29:14+00:00
FSfuXJ1dkdjCWTsGlxzx2g,10,9,2015-05-18 18:04:10+00:00,2017-04-27 13:10:02+00:00
FT2nyZmkjf94bgO3coTARg,8,8,2014-06-23 01:18:17+00:00,2016-06-29 12:11:28+00:00
F_yjAG4_dEZYmBHhXXG0uA,45,41,2016-07-07 16:37:08+00:00,2017-12-07 02:56:32+00:00
FbCoRdahscG4l0TWZj5LJA,10,9,2011-07-28 13:44:49+00:00,2015-09-04 17:15:23+00:00
FdhuaYcS8_I6FdzPkKTMew,7,7,2018-07-11 22:48:07+00:00,2019-06-06 16:30:15+00:00
Fql77crTCq3pbi7V2TJ9LQ,6,6,2012-10-05 16:23:07+00:00,2019-08-07 16:40:46+00:00
FucouhMnBxEPEQKbmbYcmA,8,8,2008-02-22 22:55:45+00:00,2008-05-16 20:01:09+00:00
G30-7WCwpxR6N00W_eOX2A,7,7,2017-06-23 17:48:48+00:00,2017-07-09 00:04:48+00:00
G4ovPNki9yAobQThfAvoTA,43,34,2017-02-06 01:35:44+00:00,2021-12-05 19:09:22+00:00
G67I2On7PW2bmE_UyfwVDw,7,6,2016-09-20 15:18:59+00:00,2021-02-09 16:40:55+00:00
GCdOzuuc1MeGC5gzSHi4vA,9,7,2017-01-16 04:05:17+00:00,2019-09-29 22:34:24+00:00
GG7Xg-09i2RCSily3JYHtQ,9,7,2008-12-07 17:42:17+00:00,2020-01-13 17:54:54+00:00
GSoAWg_SyBXMn5eELtupWw,7,7,2015-05-30 00:23:32+00:00,2019-08-19 02:41:18+00:00
GSpUCEHmBQwTd9vhEge_Bg,15,14,2017-08-06 01:01:57+00:00,2020-03-06 15:25:39+00:00
GVLEgFHGNvAZnuduu25jlQ,10,10,2013-11-10 02:25:34+00:00,2016-03-23 03:02:34+00:00
GX8AfUVxkx7aqFg6yoivKw,12,11,2010-01-28 00:03:51+00:00,2015-07-21 19:43:37+00:00
GXY930qYEG_hzGGtv7fBtw,18,18,2011-03-10 19:08:52+00:00,2019-06-29 01:27:23+00:00
GfHvhQG046-MkpPQ02-eIQ,5,4,2010-12-02 21:13:32+00:00,2018-01-01 19:38:10+00:00
GfWBVsi2Yk6NUR6a-gSWvw,13,13,2016-01-12 18:37:44+00:00,2021-05-01 00:53:24+00:00
Gj3v5FgAhYtFh2qmcB-w5g,9,9,2013-03-09 23:53:44+00:00,2018-07-13 17:59:55+00:00
Gl-xjDw1Y_BgtuXWwI5P8w,43,43,2021-06-25 01:21:20+00:00,2021-12-06 03:04:40+00:00
GtdVcWtrKnrlWi35MqYKgA,21,21,2013-06-10 18:40:57+00:00,2016-05-08 21:30:23+00:00
GuGxHX6dTjBlem0Gq8mz9g,7,6,2019-11-12 01:17:58+00:00,2021-01-06 16:54:35+00:00
GxMPUSDqI0T6BxSsmplxNQ,8,6,2010-02-28 17:11:35+00:00,2011-01-19 17:12:34+00:00
Gxa4qz0f_m7b6nRKbqNGkw,5,4,2016-09-30 15:33:29+00:00,2016-11-23 03:27:40+00:00
Gza5FyPBK631DujKWMkdnA,13,12,2012-09-29 19:36:01+00:00,2017-09-23 22:30:02+00:00
GzzX7EpmTGqik_UThrt8ug,16,16,2008-08-12 15:09:15+00:00,2020-01-20 15:13:37+00:00
H0N7D8PvP2_9uFrimAgZeg,71,64,2012-03-17 19:13:38+00:00,2021-09-20 02:15:19+00:00
H0NdZhG5kivhXmLPRph3mw,9,8,2018-05-12 12:53:54+00:00,2019-07-11 11:38:36+00:00
H0Om3LVYKDnLahkix7AlsA,29,25,2016-08-06 01:07:44+00:00,2020-02-02 03:11:50+00:00
H2WhI7u2Zc-ozPnKBvhWwQ,13,13,2007-12-08 19:12:11+00:00,2017-11-19 15:40:35+00:00
HDuJS7S8TMVmRRlVnTMgUQ,16,14,2014-12-27 21:03:22+00:00,2021-12-30 22:26:38+00:00
HG4VCWcap2tn38zIQn0dkg,5,4,2014-08-15 19:39:22+00:00,2018-06-12 18:58:16+00:00
HKOuVBpoZd0JrNkMkad2eA,9,7,2014-06-02 02:41:58+00:00,2021-06-25 18:55:23+00:00
HL9WXhizVfzWAE4QgQefxQ,54,52,2015-09-21 02:20:14+00:00,2022-01-12 21:31:01+00:00
HNCyXmHdbQxi7TM74lDrew,36,36,2014-02-13 14:20:23+00:00,2020-08-01 23:07:01+00:00
HNwwKpPUiFf8EUnYrP0xsQ,33,32,2010-12-23 23:20:09+00:00,2015-11-26 16:13:32+00:00
HTLso7W2jX_fTZ7NCXJGtg,17,13,2008-09-10 21:36:22+00:00,2019-03-02 03:52:08+00:00
HTUwFyHbZBDMatDiL5U-aA,6,6,2015-06-14 01:58:51+00:00,2015-07-19 02:30:02+00:00
HddLem81GiQ_fPzmcsnuzw,9,9,2016-09-20 21:33:02+00:00,2021-02-13 16:57:23+00:00
Hg6pKZxw-8qLx1P2iZDbag,7,6,2014-07-06 23:07:38+00:00,2017-07-18 13:26:03+00:00
Hlqe5XsJiPYIqGNze6k6Dg,5,5,2014-09-01 17:04:19+00:00,2019-05-21 04:33:52+00:00
HmwU-km4YiUW5YBnhC0VoQ,8,8,2011-07-01 21:35:23+00:00,2016-08-06 02:21:15+00:00
HoME-kohG7RQzq27cTiuRw,11,11,2011-03-30 15:49:18+00:00,2011-09-22 01:54:18+00:00
Hxfy4OYHYWsiaaPLtPj6EA,5,5,2015-07-30 17:08:22+00:00,2016-06-22 00:32:21+00:00
Hxv2Fsr24zBFiZNSYzp4fQ,6,4,2015-12-17 08:39:25+00:00,2019-03-09 22:20:51+00:00
HzaP4PIBnKGiEFzm8phbMg,7,7,2014-09-20 03:09:50+00:00,2015-01-25 02:56:08+00:00
I6x-ZBHeCNlMnmtfUVf5lg,24,3,2019-06-03 23:35:51+00:00,2020-10-28 20:25:40+00:00
IE6p3ue8g6_m2IAnbFcXrg,9,8,2019-03-17 16:27:24+00:00,2020-01-05 23:37:52+00:00
IEe0AtY0Yky3QEMQ_vg5mQ,26,20,2012-04-08 12:58:51+00:00,2016-10-08 00:53:50+00:00
IFL0GJ24DyNn45S7-Ysl_w,8,7,2017-08-26 15:06:07+00:00,2018-07-07 17:36:17+00:00
IFLZXkaBah5ZJ4wlNyhe_g,14,14,2019-01-18 19:17:55+00:00,2022-01-13 01:35:42+00:00
ILT17t7mrmpqiAMWvCxWYA,5,5,2013-09-30 00:26:21+00:00,2017-05-07 16:19:36+00:00
IO35yKD-4-HBiVdXg_7KXw,21,19,2012-07-18 00:10:24+00:00,2015-11-24 00:44:34+00:00
Iim2FjK234PripBpaZ9PZw,6,5,2013-05-02 02:01:59+00:00,2018-07-11 02:46:13+00:00
IqpAQyHy_M5a7T-ZrP8HHQ,6,5,2019-02-24 02:29:27+00:00,2020-09-19 21:45:28+00:00
IrzBuAsvu7Nb0KSEVrH_Ww,6,6,2018-03-09 02:21:30+00:00,2021-09-17 17:20:41+00:00
IsElws9SPzDhIyaQxQZhmg,7,6,2019-07-03 23:28:33+00:00,2021-08-30 00:24:14+00:00
Iwkgm3izBQB1cMHrZZ4nsg,18,15,2015-07-13 23:12:31+00:00,2021-08-01 17:02:09+00:00
IzXRjZkLb8sWmS-sYlXB8Q,13,13,2011-11-18 23:17:31+00:00,2021-04-18 01:00:35+00:00
J-SrJeEyrJ1lfE0o3Rcoqw,6,6,2017-12-30 01:53:24+00:00,2018-06-02 13:53:28+00:00
J-aKkyx5yKFdI1kp8N9GLw,7,6,2018-07-06 18:10:04+00:00,2019-02-21 00:38:12+00:00
J1L2FGH3jPIMe1QlixNzAA,15,15,2014-04-08 01:00:31+00:00,2014-07-22 21:01:26+00:00
J2YBDnX01WxTwSWDy_W4bA,7,6,2015-08-02 19:18:59+00:00,2016-02-27 00:53:45+00:00
J9gOJk_90vuIzd-ZNUGgyw,67,47,2011-03-17 12:21:40+00:00,2018-03-03 03:57:07+00:00
JDN3_QITw8jPX3mAk78Y1g,7,7,2018-10-14 13:01:11+00:00,2018-12-05 01:49:53+00:00
JKDamUXVPAgIV2Hhb97ncw,6,6,2016-05-10 21:52:09+00:00,2017-06-17 21:00:18+00:00
JMjLWYbP-d9tlYAkLz1Ogw,41,35,2011-01-12 01:56:40+00:00,2016-06-21 20:27:27+00:00
JSpwp4pAp_Hu4xmPuNitBA,15,15,2011-10-31 14:31:07+00:00,2018-09-18 15:50:32+00:00
JZArUtt9RXoI1qdao0fyog,15,14,2014-07-09 15:58:58+00:00,2019-06-20 01:16:20+00:00
J_nkt4pAa1Jo2jGu2rc4Yg,5,3,2013-03-26 17:06:50+00:00,2014-02-22 01:56:26+00:00
JapJQZIsWLn8MpsHOH6J-w,35,26,2011-11-30 01:36:42+00:00,2021-12-19 17:02:08+00:00
Jb7H9zg3ABs83fpn0ya1ww,5,5,2016-04-13 18:28:25+00:00,2018-02-10 21:27:14+00:00
JlEIf9QGIAFwUDCfhH4DrQ,5,5,2015-07-08 23:04:26+00:00,2015-08-21 16:54:29+00:00
JnQdLbWRhAsrw_3Hoo3vsA,7,7,2018-08-02 18:38:47+00:00,2018-08-19 12:34:03+00:00
JqigRMvhsH5r7y94CjGdQA,25,22,2016-02-09 01:17:40+00:00,2017-02-28 01:23:16+00:00
JtXALTXw0CxoRLNw_GFvuA,6,6,2014-10-22 23:38:24+00:00,2021-01-28 14:01:03+00:00
K0zrsXqu55JPwT4dnvNUDg,27,22,2008-11-04 23:19:59+00:00,2017-12-16 22:47:35+00:00
K1SrG5chblLSO0RXgNcutg,21,20,2014-12-13 15:39:24+00:00,2015-08-09 21:26:47+00:00
K9lyKtYQVeCB0Usg2v65Bw,9,7,2014-03-04 04:45:18+00:00,2014-11-12 21:43:33+00:00
KAozHo6DpWCn0Mz6nvJLoQ,17,16,2016-07-05 15:14:32+00:00,2021-10-30 19:22:10+00:00
KHT5v6d_T4xqd4cWksLk0g,45,38,2010-02-04 17:11:18+00:00,2010-09-27 21:04:52+00:00
KQ-gI-xsZzq5xeHYev6eYg,9,9,2010-10-29 15:48:07+00:00,2014-07-07 00:53:21+00:00
KQDC9pwnAeFFGPLXrsQbcw,5,5,2017-07-16 03:42:03+00:00,2021-10-26 04:14:42+00:00
KQzqAdf1zLHwaPaCoWoOCw,19,19,2015-01-18 19:32:42+00:00,2021-06-02 00:17:39+00:00
KZyMZ0ig-bMPmg7Jp_ueMQ,5,4,2011-12-16 00:44:35+00:00,2012-05-04 01:50:55+00:00
Kc-kC8eu_U8mH87cOYvqbQ,20,18,2014-03-03 01:06:57+00:00,2018-06-02 17:41:05+00:00
KcblS8ypoV5mFhtyJubmaA,17,16,2013-06-21 01:02:11+00:00,2020-05-31 20:23:01+00:00
KdvfzXO6wid3L4wxxzJYxA,5,2,2017-12-26 23:35:23+00:00,2021-07-24 12:27:34+00:00
Ko_PDCCLckuEy8veApoipw,49,44,2016-10-10 08:27:19+00:00,2020-02-18 23:47:02+00:00
KrZ581CKVJ-8Mvw37ycBkA,11,10,2012-03-11 01:16:00+00:00,2019-03-23 20:19:51+00:00
KvTo3KNWtMwVCQzVYyyuZw,8,7,2011-12-16 04:41:52+00:00,2017-03-25 14:07:48+00:00
Kwj7GH9JRgy1Iasad3Ou2w,5,5,2017-08-06 19:11:41+00:00,2021-10-18 23:22:20+00:00
Kx4RtLVvwFuH2F4hWKB0ig,25,24,2010-09-08 00:31:11+00:00,2021-12-01 23:12:18+00:00
Kx7JvWXJUGccCsVKaVX6GA,6,6,2017-01-30 19:39:57+00:00,2018-09-06 12:02:29+00:00
L-EQnRqs4eg4JKOY7rcLmw,10,9,2012-07-30 01:32:48+00:00,2020-11-01 17:36:25+00:00
L-Zrhj84j7Qiwn554FQKig,11,11,2014-06-08 00:53:48+00:00,2014-09-08 00:28:19+00:00
L3Wo48xFZC_5H7SC4sdUSg,5,3,2016-05-06 22:08:54+00:00,2020-11-28 22:25:58+00:00
L4uWWU4ArkzZy1D3dpSAxw,47,37,2011-06-17 03:35:16+00:00,2020-08-09 15:26:04+00:00
LBbUoV173-OcUPLVP-7ScA,13,13,2018-09-29 21:03:24+00:00,2020-01-07 03:29:44+00:00
LCHhwItAT7hCYn1hD33psA,7,7,2008-04-30 01:54:23+00:00,2008-09-25 17:55:37+00:00
LClO6WFsYAJgq-3N0291_w,12,12,2014-10-28 00:51:14+00:00,2021-08-28 23:44:06+00:00
LCn7uMKbEyRASeDtGsGoZA,5,4,2019-08-16 03:00:33+00:00,2021-08-03 20:27:07+00:00
LF1kmwJjLNVpDNUik5eMPw,22,15,2013-06-20 21:19:14+00:00,2015-11-19 18:01:54+00:00
LPkh_eURB6fOA1w7GSf1qA,15,15,2013-02-21 02:09:32+00:00,2020-02-23 18:47:21+00:00
LQ-FEkzw4P2OwEM23PLbkw,35,33,2014-03-16 23:31:48+00:00,2021-06-07 14:20:44+00:00
LRx0RViGEAFX2UVJ5bNBRg,14,12,2011-05-31 16:23:07+00:00,2015-02-27 00:25:04+00:00
LTCbBgxF1FvURWxA7YPEKQ,6,6,2016-02-07 20:03:43+00:00,2020-02-01 03:12:16+00:00
LTMNEpVIJkEfM8ma0DEYyg,12,11,2011-12-27 18:03:07+00:00,2015-04-19 20:23:01+00:00
LZkoK_bTORaMxRLbdk9T-A,10,10,2015-12-01 15:40:52+00:00,2019-03-03 01:43:56+00:00
Le3fvEovMVaISZGgsy9FWQ,7,7,2013-02-12 19:21:20+00:00,2013-03-04 20:58:46+00:00
LfpXEdALEix6D0UsBCKu5w,7,7,2020-08-20 00:02:23+00:00,2022-01-13 19:59:43+00:00
LoyOOeJHQqzezHAdJqmYHw,13,13,2015-08-21 23:56:34+00:00,2019-10-30 21:40:59+00:00
Lq-_mYovl3KuiL6RPdoYew,5,5,2017-10-04 19:27:11+00:00,2021-03-22 16:58:36+00:00
Lr0ThGKRi6BxWCiry3Y4sw,18,17,2015-07-16 13:05:15+00:00,2021-05-18 19:24:12+00:00
M1q69ybXnpT4OohBz6FWnQ,12,11,2012-04-16 19:40:03+00:00,2019-07-11 00:14:31+00:00
M32nKcq8Cppin27W7-iFMQ,10,5,2011-04-18 00:43:37+00:00,2012-09-14 00:09:29+00:00
M5I4rNHn3VZb9hkamuEx2g,10,9,2016-12-11 00:49:38+00:00,2018-12-29 20:57:08+00:00
MMb3EZjiQGuWaeH0lcpjdA,23,19,2019-12-07 02:32:32+00:00,2021-12-18 15:19:14+00:00
MN6vTCeRKWU44M7xwhQc7w,258,181,2008-06-30 00:57:33+00:00,2021-09-30 00:22:14+00:00
MPvjps91dA-EfjsfZ570Ww,14,13,2010-11-03 02:41:50+00:00,2016-05-15 02:35:26+00:00
MTUXmF6TMB2oyOUH9dCaAg,9,9,2017-06-25 01:25:27+00:00,2019-11-10 15:08:14+00:00
MVIQUlFaFUSjK2pG_qJsow,9,9,2014-07-25 16:09:58+00:00,2016-07-22 18:02:25+00:00
MVuNw-mO5on8PpO_I6QtKg,10,7,2015-02-21 23:47:07+00:00,2020-03-01 00:01:12+00:00
MkAOXZub6t1XCqSsB1VTcA,8,8,2013-09-15 22:32:38+00:00,2015-07-05 20:32:14+00:00
Mor3UEvzDL9l2Ga1aoqnOA,5,5,2015-08-26 19:31:33+00:00,2015-08-26 19:38:39+00:00
MrvvXXhtbcgZfCxHvQ4VIQ,8,6,2014-02-01 06:33:31+00:00,2014-02-14 15:42:48+00:00
Mtauh5PuE5yrnt4nE_khDw,5,4,2013-04-28 17:08:40+00:00,2014-07-30 20:45:38+00:00
MvrGDIrZv8pL_NYWrb9fLw,72,65,2012-12-14 04:09:22+00:00,2021-03-31 17:26:03+00:00
N0un75Nz_OGmhcROiuj8VA,65,54,2015-11-28 20:48:17+00:00,2021-12-23 17:24:37+00:00
N84Tst_bWC2hNdET8cPWjQ,10,10,2021-10-23 23:19:42+00:00,2022-01-18 08:15:33+00:00
NANbMviczSYba8azpvvdAw,75,70,2017-03-18 15:02:56+00:00,2019-05-17 03:53:37+00:00
NAxQKtWufuvSUmufzmIkGA,7,7,2010-08-04 21:26:20+00:00,2010-08-04 21:28:38+00:00
NB1_0JLlb93trABkcAYStw,5,4,2018-11-21 19:55:11+00:00,2021-07-30 20:02:56+00:00
NBhBECdmKXspNMQXrowLxg,16,15,2017-06-18 19:50:55+00:00,2021-04-14 03:48:12+00:00
NK2rEuA_ZJ6Jw94hPmNkLw,13,13,2013-01-23 00:05:44+00:00,2016-01-13 00:00:48+00:00
NKlEwUMCB0lDSeRNUA4y9w,10,9,2017-03-26 06:31:17+00:00,2018-08-15 19:16:33+00:00
NMFSiVf5TO8tQWBQ6Pcucg,10,9,2014-04-08 19:15:53+00:00,2018-01-07 15:24:26+00:00
NPX7b6i958CuSFCLNGe5sw,11,11,2017-09-16 03:54:43+00:00,2019-02-03 03:05:02+00:00
NSHXU2EMIRsjGGuvncpQfQ,6,6,2015-04-11 14:50:59+00:00,2018-07-21 22:11:54+00:00
NXX09vJ7rLPv0JJoPj0_dA,6,5,2013-11-01 16:35:16+00:00,2019-07-17 21:32:43+00:00
NcRKRxXC3_SrAD-3LOeS3A,5,5,2021-04-09 02:11:44+00:00,2021-04-09 21:18:14+00:00
NhYTylbNBrs3OY8ffUdVgw,35,23,2012-03-09 01:24:46+00:00,2012-08-01 00:28:00+00:00
NijHURoR_k62Axkmz68TCA,7,6,2014-04-11 03:43:51+00:00,2017-12-06 00:24:14+00:00
NpOGkN24JbhtGEB3IKHYuA,5,4,2015-11-12 01:49:39+00:00,2017-10-08 01:23:54+00:00
O0vNIBTJ6dHx8mCKYHwOXw,20,16,2014-06-28 19:32:41+00:00,2018-08-21 18:20:18+00:00
O3LHhLM3N42vEvnOBtYQpA,19,15,2011-06-19 17:45:47+00:00,2013-09-24 16:55:04+00:00
O6q1nMhqcFArX8A18vnrYQ,5,5,2017-11-13 03:10:21+00:00,2017-11-13 03:27:57+00:00
O6sUHcC7svPkZWCIO6PuZA,6,6,2015-04-23 19:00:07+00:00,2018-08-10 22:56:41+00:00
O9QKjmjKObBE7JJoGVYgEA,7,6,2015-08-16 01:22:14+00:00,2021-08-14 22:59:29+00:00
OH3ptxBiopNJIrgGVyQshw,8,7,2014-04-02 16:32:27+00:00,2019-03-02 17:31:25+00:00
OIyC6P3M5XGEVzU5YOdw6g,6,5,2017-06-22 17:19:27+00:00,2018-03-31 18:32:24+00:00
OJsr0UFngBwO5E8z5qP6xQ,6,5,2021-04-07 02:21:27+00:00,2021-05-26 22:51:50+00:00
OKXT_S_s8w7FgqCcMXYUUg,11,10,2012-10-12 23:58:21+00:00,2015-05-04 01:22:51+00:00
OPN1uIBQUCze9Ul7u0raaA,7,7,2019-06-27 13:17:38+00:00,2021-05-25 12:51:35+00:00
OPyem1unqqtM8snKniLwRg,8,8,2011-04-22 17:24:24+00:00,2015-07-04 16:30:16+00:00
OTKA9bofY3zFh-saPz1RFQ,6,5,2018-09-09 01:50:38+00:00,2021-05-10 18:44:56+00:00
OXruA-p85uhlvgTLKNz5Mg,72,61,2011-01-22 14:03:08+00:00,2021-09-19 01:08:12+00:00
OYp6gA8pGIhNerSp0LSjFA,6,5,2016-04-09 19:39:24+00:00,2017-09-21 20:43:42+00:00
O_LxHzpMtaxnzNs5hNOxxQ,12,12,2015-04-19 01:58:50+00:00,2021-10-25 23:38:32+00:00
Oc1w0KTgCV9z4jgpekLTjA,8,7,2015-07-16 00:12:07+00:00,2020-10-09 22:06:27+00:00
OgaxsymED9T23aZobMNOoA,70,61,2013-09-04 23:31:46+00:00,2022-01-17 23:49:51+00:00
Ojll9cQN4WmDUBic0MRlSA,6,6,2011-08-06 21:50:50+00:00,2015-04-25 16:06:49+00:00
OmEpzRfwZAgCS0AlDcj9Ag,8,7,2017-12-20 03:09:19+00:00,2019-11-10 21:04:00+00:00
Onvtmw9RTdf8zHHzjudbMQ,6,6,2014-07-31 22:07:06+00:00,2016-10-06 19:07:05+00:00
OrmB5Onk2RaYyiGZmwliMQ,12,10,2018-10-27 23:47:55+00:00,2019-07-18 19:27:06+00:00
OxC6feaRNTKgSirkvnP0wA,5,4,2011-04-12 20:11:46+00:00,2012-09-28 21:45:28+00:00
OxfnFHyedpprZLVMOSEATw,18,17,2021-06-13 19:24:10+00:00,2022-01-16 21:07:09+00:00
P-1_Yb-Pafw0xvktDNvg-w,14,13,2011-01-18 22:47:49+00:00,2021-03-25 23:01:39+00:00
P6-z2QNjXo_tRnzMfuf3RQ,7,7,2018-10-16 16:24:13+00:00,2019-07-04 23:41:38+00:00
P6UWg3oHfw9QHTSSuGkgVg,22,20,2019-07-29 02:54:28+00:00,2022-01-16 18:03:28+00:00
P8130kY1Cz6TFOsKJFUdUA,9,9,2018-06-18 20:39:13+00:00,2021-12-04 18:38:05+00:00
PJl-5EnQk_aFMlyYh3OrJg,5,5,2018-03-22 02:44:47+00:00,2018-09-15 21:43:21+00:00
PgiLP11qaxxYexNloIzXOg,9,8,2017-06-26 03:50:46+00:00,2018-09-21 01:15:13+00:00
Po-IIg0JO24jfgou7bDqrg,9,9,2009-01-29 21:18:30+00:00,2014-03-20 17:27:21+00:00
PqfOVKJOLw1moW2NPSoEjQ,6,6,2016-02-21 22:07:48+00:00,2018-06-30 23:52:23+00:00
PuNLBic4RPf9Ga03gbpaUg,7,7,2016-12-29 19:55:51+00:00,2020-06-28 00:34:27+00:00
Q3UOMxfsAH3U030tR0lH0A,5,5,2016-07-09 23:13:03+00:00,2021-02-06 00:29:30+00:00
Q4EiT1fYeDRea9l_ey9giQ,7,7,2008-08-05 01:23:06+00:00,2012-03-12 17:15:00+00:00
QCK3OENFoDpvadeX3RAhKw,41,40,2014-12-14 18:01:01+00:00,2021-10-13 16:41:10+00:00
QGeKRz0pBV6uBmF7_VlBjw,7,6,2015-06-18 23:27:41+00:00,2020-06-23 17:18:21+00:00
QIi4SwtiSxeDSwwwDoEPBg,7,6,2016-05-27 00:29:42+00:00,2021-11-25 01:59:59+00:00
QJjMgW93bnPnxGnVRSFR6w,14,14,2016-07-09 16:08:58+00:00,2021-07-30 00:50:21+00:00
QMqSgBqSrlRhz2B0UiORjw,7,7,2008-09-13 03:40:56+00:00,2014-06-30 17:40:21+00:00
Q_SR2NwCPDnu-phYkrSX8g,8,8,2011-08-21 19:18:24+00:00,2019-10-06 03:49:21+00:00
QaCDjkA8Is_dB4DBVef6cw,7,7,2018-07-01 15:02:36+00:00,2021-03-21 21:06:25+00:00
QcqHBeyqtxf4nMSo-CVXRA,24,12,2016-10-02 01:28:57+00:00,2020-09-06 22:26:44+00:00
QfFIPbAYkrMD0SPMTNP4cQ,19,17,2015-12-01 17:19:25+00:00,2020-05-14 23:19:59+00:00
QjweSj3PwAB5zv7ushn_Ew,6,5,2016-04-15 06:16:57+00:00,2019-05-24 14:19:49+00:00
QmlFDYt9aRKYuf7mRhvkeA,7,5,2017-04-27 02:43:26+00:00,2017-10-15 01:45:22+00:00
QpdYmCSg7vLM6qa6HFjhwA,13,12,2013-01-17 14:21:05+00:00,2014-07-31 06:29:53+00:00
QrmUrUy1mNjgvFMOf_AjLA,5,5,2013-07-30 00:32:55+00:00,2018-09-08 15:02:19+00:00
R20sQxFytgr_raM5DsoAJw,5,4,2021-03-02 19:58:00+00:00,2021-07-01 17:37:16+00:00
R6o8tV3jQ2hMXYD5u-Zkgw,5,4,2019-06-27 20:35:53+00:00,2021-12-18 00:14:44+00:00
RCRxj6dn-cMNwDhpGQMYqA,20,18,2016-12-18 02:24:04+00:00,2021-01-27 05:09:18+00:00
RJXpxfwCAJy6nGsmGXghVw,5,5,2019-08-26 00:25:02+00:00,2021-03-28 18:45:02+00:00
RRtMl0kS2ntfoxcQPJcmZA,24,23,2010-11-21 19:12:57+00:00,2015-04-04 21:56:35+00:00
Rcrg_WMhz6KUu-uDhEt38g,23,19,2016-10-21 23:47:20+00:00,2018-04-12 04:14:20+00:00
Rd7qzRa_I_-JIQq5IHIk_Q,6,6,2011-06-07 05:12:57+00:00,2014-12-06 08:50:49+00:00
ReLV-lo7M3nVg0deB86fCw,6,6,2012-09-23 22:30:00+00:00,2016-08-30 14:20:12+00:00
RlG8zsrWfYNaMzmT9ILCiA,7,6,2016-09-08 00:29:39+00:00,2017-04-24 17:31:42+00:00
RmaAM3og4CzTy1W70ET1_A,13,13,2009-11-07 15:10:41+00:00,2012-12-02 05:32:06+00:00
RqP6tzpJpAcuMgs7sL5pGQ,9,9,2015-01-07 19:06:16+00:00,2019-07-17 19:50:05+00:00
S9EaFrAcuZGrvUo_Rx24Wg,7,6,2014-10-08 02:12:04+00:00,2019-12-12 12:19:49+00:00
SEKTawcFfaIKntviucbhHQ,41,41,2011-01-15 14:42:39+00:00,2021-10-11 18:30:34+00:00
SGUGJxqdiaDTh87NQal5FA,13,13,2013-03-09 18:32:02+00:00,2021-10-23 23:56:50+00:00
SH5UIXzyJMW5Vsyb6n5Cpg,5,5,2011-12-17 10:32:05+00:00,2021-03-15 08:08:02+00:00
SJp3ur20tMsvGVitMxiaww,33,26,2011-11-20 16:42:26+00:00,2021-08-27 09:15:57+00:00
SKgz4N68nhmsbYepfrQgFg,5,3,2016-07-13 07:51:59+00:00,2016-08-19 21:27:32+00:00
SNkrO9hhvaNOtgVM4DiiJg,5,5,2013-12-15 03:45:16+00:00,2013-12-16 21:10:54+00:00
SPa6Q4dGuyOykxs42BebYA,5,4,2016-09-21 03:13:15+00:00,2016-09-21 03:34:01+00:00
SpRfD1bdOfffOSKreIeIUg,5,5,2017-05-09 19:15:44+00:00,2018-09-01 11:31:06+00:00
Sz5uYgcxbHHOEtwNiM6BaA,14,13,2015-07-24 21:10:11+00:00,2019-01-16 02:27:52+00:00
SzKcR8CCmPJDWcNEPEfTFQ,13,12,2017-08-31 17:03:03+00:00,2021-05-23 23:34:52+00:00
T0d7oBLMJ6hFnzHTkOoQhw,24,24,2015-05-31 13:28:54+00:00,2021-12-06 01:01:19+00:00
T1uLCD6iuQbEFT23rxU1Dg,8,8,2009-03-30 16:46:19+00:00,2009-04-07 13:57:44+00:00
T4RRbPH6J3SX9QA85U7JTw,8,8,2014-10-28 19:24:58+00:00,2021-06-28 01:23:18+00:00
T6ej7K8uGglcBzJ68yZX1A,16,11,2011-12-06 23:47:21+00:00,2018-12-09 18:36:14+00:00
TAahkgGJ4qU936PbNxH6Jw,6,6,2015-01-22 20:31:56+00:00,2021-04-27 09:01:48+00:00
TBRQIFGGWjR7Z5Ki5_PfxQ,23,22,2012-03-15 03:59:35+00:00,2018-07-14 23:40:13+00:00
TDVv8uxxgfhxF9Ix9eSPoQ,9,9,2016-07-07 18:37:26+00:00,2018-07-25 23:01:59+00:00
TGmY3adNfCfZCLKP62Ll2A,5,5,2012-11-19 02:30:58+00:00,2021-06-18 22:35:04+00:00
TJlF_yn7HU4Wm8SXKVCRrQ,6,5,2011-04-16 22:13:10+00:00,2022-01-12 04:45:42+00:00
TPJozTJbA67odTmQYrjc8A,6,6,2011-10-26 21:30:31+00:00,2014-09-28 00:21:08+00:00
TQwq95VbVCBeHHQW6vOIlw,11,11,2014-01-04 17:39:04+00:00,2021-06-26 17:52:00+00:00
TRGa7RzYQHlw3UVcypt4dw,5,5,2019-02-03 18:04:05+00:00,2021-12-25 15:52:23+00:00
TRj5lPr-RwvATCIc6Uf59w,6,5,2012-11-27 18:45:18+00:00,2013-08-22 19:42:31+00:00
TZFn736XYq4qYPXTFeGwzg,51,43,2016-06-22 00:34:36+00:00,2022-01-12 23:00:55+00:00
Tj2ajZmAIajq4O4eNxtpnQ,16,16,2013-04-19 02:05:55+00:00,2019-11-06 14:02:04+00:00
Tj4vyZDWtEfhaO-Wx2rk6g,9,9,2015-06-21 00:55:52+00:00,2019-04-20 18:13:53+00:00
Tl2x7NNY6_7XUjXJyDXt1w,10,10,2016-12-15 18:25:58+00:00,2019-12-04 04:49:12+00:00
TpXu0yFnMMs-YiyBMEu27Q,7,7,2013-11-20 15:41:46+00:00,2018-03-19 17:41:20+00:00
TqukMwa4PXMv-3DUfPyJ5A,6,6,2016-04-28 22:39:45+00:00,2021-06-28 00:22:19+00:00
Tw7oL8tJT6MSul0TAo8gnw,26,19,2014-01-02 03:50:12+00:00,2014-11-11 03:18:16+00:00
TxlrbX7i7aJvRKZZgCRpew,18,12,2011-05-22 15:34:53+00:00,2017-06-03 01:15:24+00:00
U1E6Naex1491NzrGarCsXw,8,8,2015-06-19 22:44:49+00:00,2021-05-08 04:10:00+00:00
U27Dewt_TxEY-AQfnP3ePw,5,5,2011-12-24 01:36:32+00:00,2018-02-18 22:21:23+00:00
U4LtJ7YljPEmCbM0HmeG6A,7,5,2013-12-28 19:56:26+00:00,2015-12-28 18:45:41+00:00
U7W1khpgG2GOggewEoFaeQ,5,5,2017-01-21 20:14:12+00:00,2021-11-21 00:51:29+00:00
UAy3ZRQR9JzNN0kzMBWTQQ,17,15,2016-07-21 05:42:02+00:00,2021-12-21 06:48:14+00:00
UBLaSSnkK5xoOVsxLr7JZg,8,8,2013-08-26 21:36:40+00:00,2018-02-18 16:44:26+00:00
UFq51LFmhfEPn21CM9l_RQ,19,18,2014-05-12 07:46:45+00:00,2018-07-22 04:59:38+00:00
UH4UvNqQp7G7NCwWEEQ2QA,5,5,2014-07-11 02:18:16+00:00,2016-10-24 20:54:29+00:00
UKcIwlbLohvMmGiw4wqaqA,5,5,2010-07-22 21:46:17+00:00,2010-10-18 22:31:06+00:00
ULtiUKtUi6BRMbOsiQberQ,8,7,2017-06-08 20:33:18+00:00,2021-07-12 12:27:10+00:00
UOXCf4eCU8q6o1xGIzwOng,111,66,2017-01-26 14:17:32+00:00,2021-11-26 18:28:25+00:00
UPjzEduW1QgY_Q5p7pjiPw,6,5,2015-07-20 01:13:00+00:00,2019-02-20 14:09:00+00:00
UVSxH2URPO7Sa9A51IZC8w,17,17,2011-01-30 21:11:05+00:00,2019-12-27 10:32:15+00:00
UXJ4od989AHDeLjIk82vCA,9,6,2011-10-12 19:29:33+00:00,2015-02-01 00:06:40+00:00
UdGCr8vOgt60nGGS-R7CUg,5,5,2016-05-12 23:55:09+00:00,2016-05-30 20:56:15+00:00
Uo1IBYMpVRYJocg6H4HYxw,11,8,2012-08-14 18:07:54+00:00,2016-08-04 04:14:49+00:00
Up-oM-OL17jDjn0GxtwH1Q,96,82,2017-08-02 01:09:22+00:00,2021-10-18 21:10:57+00:00
Uq40T7gShlQLWBJb98evZg,5,5,2018-09-13 03:55:02+00:00,2020-11-16 02:49:28+00:00
Uq819frXr3ucv8MjeJhzzw,5,4,2017-12-07 19:35:05+00:00,2019-12-18 17:37:34+00:00
UwbZEMOUfeobay8ycUfT2g,30,28,2019-09-08 17:15:43+00:00,2021-09-17 20:30:48+00:00
UyiT9-LLhcODDRZRaISqTA,6,6,2015-04-28 10:04:47+00:00,2018-01-29 13:08:22+00:00
V34LnyOBjRuDQBuYG1Duuw,19,17,2013-01-13 03:04:58+00:00,2019-04-20 19:54:18+00:00
V60nCZgAqt0ZfFVErQS7YA,7,6,2014-01-02 18:01:21+00:00,2017-01-11 18:50:51+00:00
VB0jUPCo1FaAgIzrxayjpg,5,5,2012-03-01 18:32:00+00:00,2013-08-13 22:58:19+00:00
VCoKjRd_Rk97dK7pbsmIEQ,6,6,2011-08-07 04:52:28+00:00,2011-08-29 16:01:59+00:00
VEmT4OO690n_t7QHDTB6jA,5,5,2012-06-08 02:57:17+00:00,2014-12-11 16:43:28+00:00
VG7dOVRGeaGvJ7HISpfE9A,84,50,2011-08-14 16:32:10+00:00,2014-08-23 17:09:47+00:00
VIBcpBsdrm8ZgkuE-o62hA,10,10,2014-02-17 05:03:11+00:00,2017-10-01 01:49:41+00:00
VOXxUUgygln1UgVFHAgixw,8,6,2013-09-17 00:03:15+00:00,2014-05-03 00:43:15+00:00
VR1HCLP1bvg549xkNVN0UQ,44,44,2016-01-23 19:59:52+00:00,2018-05-05 02:53:20+00:00
VRGj14iFH4dGPdgCrw1peQ,5,5,2017-03-25 00:16:12+00:00,2018-06-11 02:03:21+00:00
VRpN8qjg2_b0YPomK3_xTA,5,5,2016-03-01 20:54:39+00:00,2020-08-26 14:23:58+00:00
VUeZ75mvC8nf_J0wZoSGBw,6,6,2018-01-06 22:09:15+00:00,2020-11-08 00:55:56+00:00
VWMjrU0ll1FavCL9_fm8Cg,7,7,2021-02-13 18:26:38+00:00,2021-04-01 05:20:46+00:00
VWriVYd_m97I7KOCN-dEkA,7,7,2018-10-25 15:25:15+00:00,2019-12-03 19:35:47+00:00
VaJ23imjcYl1U35eyd6hbQ,5,5,2017-11-17 17:30:18+00:00,2017-11-18 23:18:30+00:00
Vt3dbCGAkDVY2kxKTdInzQ,6,6,2017-08-05 13:42:02+00:00,2019-08-30 13:40:44+00:00
VwIAajk9Z60-5TtONFYJuA,6,6,2013-03-30 23:05:14+00:00,2014-02-02 02:19:37+00:00
W4eb0mdukxQgwvvn9IGkPA,5,5,2013-05-21 18:38:22+00:00,2017-10-05 17:07:08+00:00
W4nc1emtvQ0BwbEQAF2nWA,6,6,2013-09-29 21:19:58+00:00,2014-01-16 07:02:49+00:00
W6dlxy3ts4Lj5B_LFI4Q8g,6,6,2019-04-15 04:15:13+00:00,2019-06-19 18:43:47+00:00
W70CaXqiK5kVpR-iWLvsyw,10,10,2019-03-21 04:21:27+00:00,2019-03-23 14:47:39+00:00
W7GWFiub3HbMlMGXO3AKBA,9,9,2013-08-26 19:22:03+00:00,2014-04-26 15:48:54+00:00
W81s2EdHHq4_CYDJNqhgRg,203,136,2010-07-08 22:00:51+00:00,2022-01-07 20:55:55+00:00
WFp0CWCNjT5Fovzd7od3Pg,5,4,2014-09-12 01:39:15+00:00,2021-10-01 17:30:26+00:00
WGfG0iFN53alClblgY-0ww,11,10,2017-04-29 02:28:15+00:00,2018-01-31 22:50:11+00:00
WM5HlND9Olxyk2FvYkuAhQ,5,5,2015-08-07 19:59:37+00:00,2018-12-30 00:30:02+00:00
WMN_WooRW4oN8TaFhNpyWg,46,44,2017-01-10 09:00:19+00:00,2018-03-01 05:05:44+00:00
WQjY0HaQOIAZi0hfDVcGWQ,42,42,2018-02-14 22:57:09+00:00,2021-07-24 13:33:28+00:00
WTVtNexN9unsSOacvpWNmw,11,9,2013-12-28 17:35:11+00:00,2017-01-01 03:35:04+00:00
WVCgjoYPl7jPhXjPcSR02Q,94,64,2011-12-10 19:58:43+00:00,2021-05-28 22:51:49+00:00
WYMVjQZay3pPFJmg_iktGw,15,10,2010-05-26 03:05:52+00:00,2012-02-25 22:42:07+00:00
WZvywUbFqvHQw1boj9OQmQ,11,11,2014-05-15 14:59:31+00:00,2021-08-06 18:39:05+00:00
WaJncDmkVxHAEHb-b-goTg,7,7,2014-07-15 17:51:52+00:00,2020-04-23 23:10:10+00:00
Wc5I96A8pEUfP96CDbRc6A,5,5,2013-02-26 16:24:59+00:00,2013-03-26 20:06:36+00:00
WfywKHUOxQ6AVJa8Q-luvQ,31,27,2016-02-29 22:34:37+00:00,2019-12-08 01:31:36+00:00
WgMCUvsxVGwDUsdJXcEPGw,7,7,2019-02-09 20:53:26+00:00,2020-08-01 16:51:26+00:00
WikldhFO-gxHRs9SRVfkqg,5,4,2016-05-18 02:05:26+00:00,2018-03-02 14:20:09+00:00
WlxJHUYqdEKuIwpE9iTZxw,7,6,2009-10-28 18:01:24+00:00,2016-07-27 13:33:22+00:00
WqktipEEPMZAvsOIkUTZ4g,11,11,2013-08-22 21:22:34+00:00,2015-11-09 23:38:08+00:00
Wz--ow7P1W0r09_lfkN6XQ,6,4,2020-02-28 02:24:17+00:00,2021-05-05 02:37:23+00:00
X61dbhql2YZhIoO3flmkRg,20,18,2018-03-04 22:57:19+00:00,2019-08-19 22:29:10+00:00
XAvi-b5kaioCxEcgzOW60w,5,5,2016-05-08 19:05:00+00:00,2019-07-07 22:23:34+00:00
XBZvCj-WeQauibI3NCi2Dg,15,12,2016-06-07 23:54:54+00:00,2020-02-05 18:22:18+00:00
XBcDvNBgGcc9sl4wvx6RCQ,18,18,2010-09-30 20:41:35+00:00,2012-11-30 20:20:14+00:00
XGDWVXtB8p6rKhJEG0S_zg,17,16,2016-03-20 04:48:50+00:00,2020-06-11 01:47:59+00:00
XGaU9uKju7jg0xG0Lr9qeg,14,14,2016-02-06 21:01:18+00:00,2018-09-15 22:29:37+00:00
XJfn5H6UwCsp-L6n7DXrAA,5,5,2021-12-18 21:13:46+00:00,2022-01-11 21:15:31+00:00
XLRzqtCGycIESuA5xfbXdA,35,35,2017-09-10 04:57:53+00:00,2022-01-16 18:07:39+00:00
XPr6OwITQhnsvH18p4FfsA,14,11,2010-11-04 14:54:07+00:00,2011-07-22 13:22:51+00:00
XSfrNZIyAHKDb2ps1HS_8Q,88,83,2019-06-16 00:30:22+00:00,2022-01-17 19:21:58+00:00
XV5h-6e2PnQtowu5-i5KJA,8,8,2016-04-03 21:45:39+00:00,2019-06-02 20:38:25+00:00
XedowXE1sPi4BYJmOLjt8g,13,10,2013-09-13 16:32:17+00:00,2014-08-25 00:06:57+00:00
Xn94AMfZrlX4Q7FvV6RrtQ,6,4,2016-10-15 11:55:40+00:00,2018-06-11 15:55:16+00:00
XrBVIx_LVYa8P1AiOw8gRw,8,8,2015-03-04 03:34:22+00:00,2015-03-08 01:02:59+00:00
Xw8Pr6pCzuCX-UOLd3dp9A,6,6,2017-09-22 22:21:06+00:00,2019-12-21 20:09:05+00:00
XzYyKC84ccqgw0DccAgEsQ,38,35,2017-02-27 17:57:05+00:00,2021-03-31 04:06:35+00:00
Y1MHichqrupj81MFtTA98Q,6,5,2010-01-25 19:25:33+00:00,2019-03-07 01:48:08+00:00
Y3HQHXVM6aDiDsbyN8U5eQ,13,13,2018-03-25 17:13:56+00:00,2021-11-01 20:43:18+00:00
YBNpmwPM-CjNzoRdF3Ap4g,84,73,2016-08-27 03:04:06+00:00,2020-08-21 04:19:01+00:00
YL5KFoUtGEdBA7x-C4zu7A,10,10,2016-02-11 16:21:20+00:00,2018-05-20 16:03:04+00:00
YPfS68Yx1yi7u1GpU5sR8g,5,3,2017-08-03 04:32:09+00:00,2019-02-08 01:56:58+00:00
YlWXXEeVK0rsdNys17jvKw,11,10,2014-04-24 03:04:41+00:00,2021-06-14 22:16:53+00:00
YlxeTuWCoZfrefhy0Ucyhg,8,6,2018-02-25 14:14:24+00:00,2019-01-31 20:31:48+00:00
YnDvjz11ZE-f9qc3gEm-KQ,14,11,2014-02-21 03:32:19+00:00,2015-01-03 23:03:42+00:00
YqsceNOYPupHz80fOwVviQ,7,7,2012-05-20 02:29:18+00:00,2018-10-02 21:54:07+00:00
YrWN6qplTdYlQ5urYNxpwg,9,8,2009-12-30 02:15:02+00:00,2020-10-14 10:38:58+00:00
Z0yHptbS93271s_h6LJOMw,6,6,2018-02-19 19:16:49+00:00,2021-10-19 21:36:04+00:00
Z8xy8ivjN7wl2HSyOtEU8Q,8,7,2013-10-26 01:07:23+00:00,2014-06-30 00:25:47+00:00
ZDgqRbMzvh5xLvLPf5pd1A,5,5,2009-03-27 07:47:13+00:00,2009-03-27 19:57:46+00:00
ZG7d4yTQxdQ4SAKRWXBg_w,6,5,2016-09-05 18:07:34+00:00,2017-09-08 23:31:38+00:00
ZGnUQTLwVZTzSLGu6vR4nQ,6,6,2018-12-22 03:57:26+00:00,2021-11-19 03:35:27+00:00
ZHiVNK_5ytWSSR9HGr0iIQ,20,19,2019-02-23 03:00:52+00:00,2020-12-24 19:48:32+00:00
ZIlZhl7xT9gztKRlWk8Uvg,24,23,2011-08-19 22:54:29+00:00,2020-01-26 04:01:23+00:00
ZJZARSGq4UOpsFl72PZNAw,13,10,2011-09-12 03:35:12+00:00,2019-12-22 05:35:09+00:00
ZSmUmmJ9Jxk3UeaVmWg4Eg,9,8,2014-09-22 22:31:04+00:00,2018-03-24 23:36:33+00:00
ZZ6LB_EAJFvpx3VbYcg3QA,6,6,2016-05-11 16:43:15+00:00,2021-09-25 02:50:11+00:00
ZZMnSSzyL7l9XiLgrtlwZw,8,8,2018-08-25 19:04:22+00:00,2020-07-23 13:09:46+00:00
ZjGnvSASx6ziJ2pLD8KNQA,24,21,2013-04-16 23:47:19+00:00,2019-11-04 02:50:19+00:00
Zjp8kd0zPbrp8-uCrmklQg,13,11,2012-08-26 22:34:50+00:00,2012-12-28 23:55:16+00:00
Zqu-tMR9CHjA44sU7I5bXA,11,11,2007-03-29 19:26:59+00:00,2007-04-17 23:01:19+00:00
ZunpK0C6__9QjOeJdvhU4A,5,5,2018-04-26 00:06:01+00:00,2021-08-15 12:30:33+00:00
ZvkbHmIQg0z28aPoLB8-QQ,10,9,2015-06-10 01:07:37+00:00,2017-10-02 05:15:41+00:00
_-Uw7Bk9mGdE8JnwI6Czog,11,11,2019-02-28 20:24:36+00:00,2019-09-28 23:54:04+00:00
_1hPdizzSbtEqgO_VKR72g,20,17,2014-12-08 20:58:18+00:00,2021-10-27 18:19:44+00:00
_2PfDGJk_JbVktP5E8DKTw,5,5,2013-05-28 21:56:15+00:00,2016-06-18 14:40:27+00:00
_3slMJIPWtusJq4waO_zqQ,7,6,2016-06-16 18:31:44+00:00,2020-04-21 16:25:03+00:00
_6eWh95nK84sZMSH4kA4Gg,22,21,2014-08-04 01:45:40+00:00,2015-01-27 10:05:15+00:00
_G4218U6yDywqn_06L595w,10,9,2009-09-26 23:14:01+00:00,2014-08-18 03:00:26+00:00
_HhajxbU7yprqYMtvBlIig,6,6,2016-08-01 00:12:28+00:00,2019-06-30 07:30:42+00:00
_K4pNMWOUkvQlO0k75xV9g,5,4,2016-10-24 13:39:37+00:00,2016-11-09 23:15:48+00:00
_KL1CGJLouKvmtqvIsh6hA,9,8,2014-08-03 22:23:54+00:00,2019-10-19 23:46:55+00:00
_Voi8461u-vpVgEkZ7wg3g,5,5,2017-02-11 19:56:44+00:00,2019-06-15 15:12:40+00:00
_cQJIRrJu0pXqBSloGFmyA,5,5,2019-07-20 04:55:04+00:00,2020-08-23 19:01:40+00:00
_mtqoo7wQYheXrO1pCAo0g,21,20,2011-07-09 02:30:20+00:00,2021-10-01 02:38:48+00:00
_sc93u8VgIQVi5Af_7h1GA,16,16,2010-01-13 05:03:37+00:00,2010-03-19 15:41:12+00:00
_yRKTBGymWyWoBj2YJFCmQ,36,34,2018-03-16 19:52:04+00:00,2022-01-17 12:43:00+00:00
_yS6GfchBYtNThmucf_r1A,7,7,2017-08-03 15:22:11+00:00,2018-07-27 04:23:53+00:00
a4MrK-KrumPaY5Vl0aC1rw,70,58,2017-01-13 03:01:45+00:00,2018-08-31 19:27:19+00:00
a7Hc-cLGLMVXb6J5c8aXRw,8,8,2018-01-03 23:26:55+00:00,2021-08-06 00:09:57+00:00
a91M-RIBmsjCYtOd-X2hFQ,7,7,2019-10-24 20:28:46+00:00,2019-11-22 11:35:45+00:00
aEgD7g9gof2Bl0dUEwWQ2g,5,5,2015-07-16 18:28:02+00:00,2020-03-29 00:21:50+00:00
aJgLdDQt9ytb-qbF8hpyjQ,18,14,2011-05-07 21:41:55+00:00,2018-07-17 22:18:45+00:00
aN3hqwdyeT6AmyUq3GgIIA,109,96,2009-11-04 23:42:38+00:00,2015-07-01 17:40:34+00:00
aOGtShQrhkVF0REtkJCNkA,5,5,2015-08-24 01:48:49+00:00,2016-08-26 18:35:49+00:00
aPEZfHCW053NYcWrNT6vZw,5,5,2016-01-01 20:55:46+00:00,2016-12-17 23:43:00+00:00
aQr8seSnycChN6TSqQ6PEA,6,6,2017-10-20 01:56:30+00:00,2021-06-17 16:49:04+00:00
aW-gSyHbowWiIJ0Qf1K8PQ,7,7,2015-10-31 03:05:08+00:00,2019-12-14 18:45:44+00:00
acqIFO_sRn910Nc3tJVC3A,5,5,2019-06-26 12:01:38+00:00,2021-12-14 21:51:06+00:00
adAyqY8C2KUzz_IvYfLszw,10,9,2013-01-03 19:18:47+00:00,2016-02-24 01:11:14+00:00
afKo80GQvZYbdlwckuZixg,7,7,2013-09-14 03:57:38+00:00,2018-04-07 01:36:14+00:00
ah5_tmNcNRufLDgbbU5t7g,9,9,2019-08-07 05:09:14+00:00,2020-01-15 16:31:34+00:00
aha055JQo_MKHlBGAqPkWA,11,11,2013-09-28 16:10:33+00:00,2019-12-14 18:06:59+00:00
ajR1S3mEFTUnixX2a35yJg,5,4,2015-06-30 19:48:48+00:00,2020-08-11 04:14:59+00:00
an2Y3s60SO4oOrDzXoz79w,5,5,2014-09-07 22:04:10+00:00,2022-01-12 19:39:56+00:00
anyYN-TwiaH2mUOcsvQEbg,5,5,2018-01-28 12:34:25+00:00,2019-02-20 15:51:02+00:00
aqSmzW3CtNW61CIaK__7ig,5,5,2017-03-17 20:18:22+00:00,2019-01-13 16:12:34+00:00
asGyqFBanQVhs31aNrLLUA,9,8,2018-04-08 16:20:48+00:00,2021-03-20 23:31:55+00:00
auZK-98eELMr-_-Ur7XCwA,8,7,2018-09-26 21:55:16+00:00,2021-08-17 01:11:04+00:00
auz-JbxlUP_uMEy3p5gGWg,6,6,2017-06-23 05:36:27+00:00,2017-08-20 03:56:46+00:00
b1D-Vsr3JmG-dxAorXb6VA,10,10,2017-04-29 23:06:20+00:00,2019-01-28 02:34:09+00:00
b2G1n12ldY7PCDrpB9TOYg,10,10,2009-12-24 16:43:54+00:00,2019-12-05 23:38:25+00:00
bAmK1OzZpDkKeN_az63sMw,70,70,2017-03-02 23:00:29+00:00,2021-04-11 17:41:59+00:00
bI_cvUKQeyQcyHZWUZnmMQ,7,7,2013-11-11 18:21:10+00:00,2015-08-15 01:53:20+00:00
bQmMPB7y_u4SM2STjTO-bA,35,34,2019-06-14 04:24:18+00:00,2021-11-19 20:14:44+00:00
b_H4G4woryqNEW5W0E7W7g,5,5,2016-04-04 22:22:49+00:00,2018-01-14 19:51:34+00:00
bhWclax6Qx5_dxOKHSvj6w,5,5,2017-01-02 19:55:58+00:00,2021-10-28 17:36:18+00:00
biVmz_l-4wYkwrV_eeb9FA,5,4,2014-09-25 13:02:24+00:00,2014-09-25 18:37:00+00:00
bodz_h8AmL2RVwRnRpDR-Q,6,6,2015-06-20 22:02:36+00:00,2018-08-18 22:41:05+00:00
bpBmGt_yrXBI4LksTYzdmQ,5,5,2012-05-02 19:45:55+00:00,2019-12-12 23:55:39+00:00
brdhI1aKGou0k2UcL2i3kg,12,10,2013-11-02 20:00:14+00:00,2020-01-17 18:29:13+00:00
bxKtZwV1Xr6JUksBASxiRQ,16,15,2017-05-02 20:56:20+00:00,2019-11-27 16:26:40+00:00
bxNF0eU_yKHKcSmnWG9riQ,10,10,2012-08-15 14:39:26+00:00,2021-05-24 23:33:36+00:00
by81q_rpwwMStxhfOhZFwQ,17,15,2018-10-03 00:43:05+00:00,2021-11-20 06:00:51+00:00
bzrbURQEIsn7-j3mXyoxRA,6,6,2011-05-15 19:11:55+00:00,2019-05-25 15:27:28+00:00
cAtnUGFB0WE2FquMoSoiiQ,9,9,2017-01-22 12:43:04+00:00,2019-05-19 20:30:00+00:00
cFw_PVNvzecqe_3qvoSsUA,10,10,2010-07-24 21:49:06+00:00,2022-01-02 19:40:30+00:00
cHrJ3sKZcv6IYkeQ4Sm4-w,14,12,2015-04-25 22:37:23+00:00,2017-05-24 07:02:52+00:00
cI--VISVnwGV-tiuokRlag,8,8,2017-03-18 23:03:28+00:00,2019-10-11 23:02:13+00:00
cNbL9w6jQuNMKKjUf32Nhw,7,6,2019-03-30 21:35:02+00:00,2021-10-09 07:48:57+00:00
cYfyBD4YteuD2qzwGIYP6A,11,8,2011-11-27 05:59:19+00:00,2018-12-26 05:54:53+00:00
cbdRgEZMXnHM8QjkE7sP8g,6,6,2015-02-08 15:56:35+00:00,2015-04-09 16:30:05+00:00
ccJ8Mxr8VVz9oJimZNTTwg,7,6,2012-02-07 19:09:43+00:00,2012-10-25 14:06:36+00:00
cnN4EEJa9UHskl4Fct1-wQ,8,7,2016-09-18 01:40:38+00:00,2018-08-26 12:49:51+00:00
co6aC5SsnueLBBkRNXpMJg,6,6,2017-04-14 00:45:15+00:00,2021-04-24 00:15:15+00:00
coM3qJyeAHI78w8qqY28Dw,16,16,2018-09-27 05:45:59+00:00,2020-11-22 21:47:04+00:00
crF0y6p8vQi2Uq97WkJ7AQ,12,10,2015-09-26 17:41:12+00:00,2016-08-29 21:00:51+00:00
cvPPdCmm-sq7czAArSg58g,11,10,2014-07-28 15:00:39+00:00,2015-10-31 20:03:16+00:00
d1u8IBACgcKroecTqlXxmQ,7,7,2013-10-06 22:06:13+00:00,2016-02-15 16:11:30+00:00
d7ks3nVCdMV1eI-vfYCSWw,13,13,2018-01-11 21:19:07+00:00,2021-07-31 06:37:25+00:00
dRpoKPePbLoSIiSIS7XymA,12,10,2013-07-14 02:15:33+00:00,2021-04-05 18:04:11+00:00
dS1ctAuaGo2eRVTe0PWQZg,8,7,2017-07-21 18:48:32+00:00,2020-10-28 21:39:56+00:00
dXcAJzsA9-2x45qi2arazA,9,9,2010-06-30 13:57:16+00:00,2011-12-21 21:21:13+00:00
dfopq7NT06ms9s_tCuF79w,8,8,2014-09-01 14:51:35+00:00,2019-01-20 21:38:06+00:00
dn76ak6ZEPI7XNhdMpxl6g,5,5,2019-08-24 00:12:54+00:00,2019-12-08 18:48:57+00:00
do6uIGdA_L_8IFoJ80stTA,7,5,2011-10-07 19:20:59+00:00,2018-02-19 00:24:53+00:00
dw1Inj5D8v_k5s5j16JoDg,10,9,2008-09-11 21:49:23+00:00,2012-01-08 21:01:57+00:00
e0Omm8re_M4FCtTql4o7Mg,6,5,2018-12-16 21:09:34+00:00,2019-10-20 12:18:22+00:00
e8a8cRGSP3QOYB2hjpoeSw,9,9,2018-01-25 22:16:06+00:00,2021-06-25 23:33:35+00:00
eMg6PF3efZLrvvqYGJLOpQ,5,4,2010-08-08 01:34:40+00:00,2017-06-13 23:19:13+00:00
eNxb0N6BGQXMYt9pC1IJqg,28,23,2015-06-15 13:07:52+00:00,2017-01-21 22:48:53+00:00
eQB-zeNwKOGk3F1xLQDp5g,70,54,2009-12-11 13:59:01+00:00,2019-09-03 17:19:02+00:00
eTBfcSIRTHaMjakKOrS-BQ,10,10,2015-11-17 16:38:23+00:00,2022-01-12 04:04:36+00:00
eUz32AlWqRcPKxpvz9UP4g,10,10,2016-11-16 16:21:27+00:00,2018-03-29 23:48:25+00:00
eVIf6rdRbevntBmV85jOrw,9,9,2013-12-05 05:27:46+00:00,2022-01-15 00:25:57+00:00
eX9W_FuVxfHRvZf0AtnSkg,8,7,2014-04-29 19:51:26+00:00,2018-03-29 13:15:25+00:00
e_umI7svTx8bvZWRItCBpw,5,4,2012-05-06 16:06:26+00:00,2020-08-02 01:03:15+00:00
efIx7xceSPAxrAfVg7fqRQ,10,10,2016-02-14 00:33:45+00:00,2021-03-23 07:22:18+00:00
eiCPWdaKEE5RO_vbXS0uUA,5,5,2020-02-14 20:04:10+00:00,2020-11-07 19:43:49+00:00
ejaGPcz3aDC-EmgThqGvrw,6,6,2015-10-12 13:58:49+00:00,2019-01-27 23:24:52+00:00
evJE7AO2ARFHJzB_Is_Thw,6,6,2011-04-10 18:30:15+00:00,2017-03-07 01:38:25+00:00
ezFwl_4j7dzitHnFUmkPHg,23,21,2017-03-13 14:53:22+00:00,2017-07-10 09:34:14+00:00
f4BpRCgSjzqU8i7OeuY4YQ,5,5,2009-12-11 06:26:10+00:00,2009-12-12 06:13:54+00:00
f7ze2In-eT0QORtfp1s4dQ,10,10,2011-09-26 02:18:22+00:00,2020-11-23 20:51:32+00:00
f8pr3jhnzvOTA7xoDz2Xxg,10,8,2015-10-24 18:50:27+00:00,2018-12-25 15:39:30+00:00
fExlvvpw8srFzcxKmBIIew,36,35,2013-07-01 15:28:12+00:00,2015-05-06 18:41:34+00:00
fJ4aIGg6XBVNawGQAkUIlw,17,16,2016-02-08 04:49:46+00:00,2019-11-19 02:35:28+00:00
fK5YD9--4n4Zqd2U6DViKg,5,5,2016-07-08 01:09:26+00:00,2022-01-11 16:04:43+00:00
fKDP8ZUgY7EXPrN4KPijUA,6,6,2014-04-11 16:22:58+00:00,2020-05-08 13:56:16+00:00
fR7KmZA__LCnOnQKvPdY0Q,5,5,2015-09-18 22:45:10+00:00,2019-04-28 14:02:22+00:00
fSCAMVAqVLGMIMfZ8i1ohg,9,9,2008-03-15 23:30:40+00:00,2008-06-19 00:30:26+00:00
fYNh00VSPj6dc6XbHSpcLQ,7,7,2018-09-25 23:10:05+00:00,2021-10-06 19:33:33+00:00
fcX6hy0JaXewdgnzYA15Pg,26,23,2014-03-29 02:52:24+00:00,2021-07-30 23:38:56+00:00
femF4Ekns1BNgAlP9EdOYw,15,15,2012-10-19 15:41:08+00:00,2018-05-29 17:20:27+00:00
ffIsvFDbmq6v2dYQlWvn4g,6,6,2014-10-22 00:07:35+00:00,2017-06-19 21:33:47+00:00
fnREmrNDKsyGEn6CXA4otA,13,12,2015-03-02 16:00:19+00:00,2017-11-09 18:45:12+00:00
fpP-_BD04WApsYy4c2a96Q,5,5,2015-07-13 19:02:19+00:00,2018-10-18 17:08:40+00:00
fsPSNoVcGuNtIF-5gBclKw,6,6,2019-03-05 13:56:32+00:00,2020-02-16 04:12:49+00:00
ftNChbifmX7pxgytv0e-dQ,7,7,2016-05-09 03:08:51+00:00,2020-01-08 03:28:39+00:00
fx5abtQ1V5SftfGrKfciQQ,6,6,2016-09-18 03:02:25+00:00,2021-10-22 05:56:20+00:00
fziqijetygyZ6zqnmIUkIA,5,5,2014-08-10 23:39:24+00:00,2021-03-14 15:45:14+00:00
g-EynTcuFjYKASqQAWMicA,8,7,2012-04-08 13:48:44+00:00,2018-03-31 18:50:29+00:00
gEjuvV6ffgrlv07q72qYjQ,11,10,2013-05-16 11:46:03+00:00,2020-06-20 17:13:28+00:00
gFDG2SRX0rmA1-VY8UE3Ew,5,5,2016-07-06 15:09:46+00:00,2019-03-26 11:45:06+00:00
gHnT7EfxvHOVZKXUpf6F1A,9,8,2014-09-05 00:13:52+00:00,2018-02-13 02:24:49+00:00
gMYkyX2FaCgto0_RGkngNQ,5,4,2017-06-29 02:40:58+00:00,2019-08-03 14:39:04+00:00
gPuyzGnE3xMtugpmdtiH1g,8,8,2017-04-24 00:09:20+00:00,2019-02-24 01:17:54+00:00
gRHTOWUaVpesQYdbxFqChA,5,5,2017-08-02 17:30:08+00:00,2019-03-23 12:50:36+00:00
gTsbM38AKzspKE7Wi_4Rtw,6,6,2011-08-21 19:44:01+00:00,2018-08-24 22:17:50+00:00
gUiNt6eHEtQxq5ON5IRncw,7,7,2013-05-26 01:17:06+00:00,2020-02-18 16:08:42+00:00
gWX6Bdh2c2VBjfc0iq830g,5,5,2016-01-02 14:49:03+00:00,2019-05-06 12:20:02+00:00
g_wQNtclPAK5DExUw72wbg,7,6,2019-03-02 19:33:01+00:00,2021-05-11 14:36:10+00:00
gch9Ub_QnddF2S-OBXA8oA,6,6,2015-11-11 05:23:05+00:00,2015-11-12 04:43:52+00:00
gcpe2II61pYhqqqU6Q1-Jw,6,5,2012-05-23 02:15:27+00:00,2021-11-13 01:48:31+00:00
gfHDMulGnn7Yea9Xa0Jz3w,20,15,2012-08-11 16:55:50+00:00,2021-12-03 00:09:54+00:00
gjPQ1d1l0RSBBSe3cJAk3g,6,6,2014-07-27 01:13:26+00:00,2015-06-13 22:41:21+00:00
gkg9VqsxPCgpfYXO1dl8CA,21,21,2019-09-01 04:41:10+00:00,2022-01-05 22:31:52+00:00
gmn8xtLg1UoQPoPp4lJWYg,5,5,2009-02-25 17:44:51+00:00,2009-07-15 18:08:48+00:00
gnj_AZWXW9hODG8VUvqG_A,9,9,2014-05-08 21:06:11+00:00,2016-10-16 21:30:44+00:00
guCT9OAeRjWo1Lx4jnvVIQ,5,5,2021-05-15 18:19:35+00:00,2021-05-15 19:05:44+00:00
gxt-CF0v4ByVo2-X7KlkEw,12,12,2019-10-13 03:07:20+00:00,2020-12-27 16:24:19+00:00
h12vpUDEtHIBYBnpZkx0pw,16,16,2015-10-12 15:44:49+00:00,2018-09-04 21:28:30+00:00
h1ZPAX2ztQkqzge9FuzR3g,8,8,2010-04-13 03:13:58+00:00,2010-04-14 13:49:03+00:00
h2ROjeSjZZqQzz5ZzM0o9A,5,4,2015-09-13 02:04:52+00:00,2021-09-15 00:23:12+00:00
h2gcZCpwQcG9jrb7Fi9wlg,34,33,2018-01-24 05:14:01+00:00,2021-12-12 03:28:26+00:00
hEYpVPH1YhTypMAdj9NnFA,5,5,2012-11-03 14:26:28+00:00,2013-11-01 16:04:47+00:00
hI-B0cYL6uoZEQU3A0TupQ,13,13,2012-03-20 17:41:19+00:00,2015-05-26 03:09:28+00:00
hMlzK6y_0mvV-4RI-ck43w,5,5,2014-02-19 06:34:24+00:00,2014-04-25 17:09:09+00:00
hMqY99pR5D0s51nSuuSBww,14,13,2011-09-18 20:57:51+00:00,2017-11-01 03:30:54+00:00
hNm-uC0HMCAES6U_de-bzw,11,11,2011-05-30 13:21:49+00:00,2011-07-02 12:56:02+00:00
hR662pdd6p3Zh0NLQbl9pw,8,7,2012-08-03 20:30:07+00:00,2018-03-22 03:33:24+00:00
hTZu4j_SZsiABuU29sQXww,5,5,2018-03-11 22:16:55+00:00,2019-12-30 20:43:15+00:00
hZpBOspgZVcenuPgQk-X3Q,10,10,2017-09-12 02:21:46+00:00,2021-11-20 17:44:59+00:00
hdjkgTssdEP67KLKioOvRw,5,5,2019-01-02 16:23:49+00:00,2019-01-02 17:02:45+00:00
hdzTAN8DGJKRddkZ8279JQ,23,23,2014-10-04 02:03:59+00:00,2021-11-01 04:02:04+00:00
hhzPbzqRm3sKS9BRC5brnw,5,3,2013-12-30 15:29:17+00:00,2014-01-08 23:26:48+00:00
hjqY1QiepOXMco82OqCtdQ,41,34,2010-12-30 23:28:59+00:00,2019-02-12 04:55:59+00:00
hk8Dm8f6aYu1Sl92R4ltOQ,6,5,2017-05-05 14:29:25+00:00,2018-06-29 21:25:43+00:00
hpTqDXhI6kADYIZsFjKyJw,6,5,2015-08-16 01:49:21+00:00,2020-09-28 12:31:37+00:00
htWfqjFTrCCddpJ_QGQtQQ,11,11,2008-10-21 14:11:47+00:00,2008-11-18 17:27:55+00:00
htsnJpyf0SVeDb2glUIrfQ,45,34,2011-12-05 20:20:51+00:00,2019-11-16 18:02:45+00:00
hx9CFj-rrWBy0eLheQvgwA,7,7,2009-12-29 04:17:15+00:00,2010-03-01 18:14:55+00:00
hzvIwkKaNkMG2766T8YIfA,6,6,2014-08-31 23:49:56+00:00,2017-05-21 02:28:39+00:00
i7R5GPfNeFodZqFwixnhog,7,7,2018-02-26 20:26:10+00:00,2020-07-06 20:29:56+00:00
iCnDT4Pntlh1Oxg5m00FCQ,5,5,2017-03-14 23:54:59+00:00,2019-06-23 19:49:48+00:00
iFJmp5hLuq39R9IiI6J1yQ,6,6,2017-08-24 18:26:46+00:00,2021-06-05 14:51:19+00:00
iK3N8s4qhg14cCw2dmdBlQ,117,107,2012-01-30 16:30:28+00:00,2022-01-08 04:02:18+00:00
iPmtBlrhxOdNufcjqFiczg,5,5,2018-04-19 22:36:06+00:00,2018-04-19 22:41:42+00:00
iRun7Wy0frkfQPTe6ZUnMA,12,12,2012-05-06 22:44:45+00:00,2014-02-25 19:57:34+00:00
iWATdPcMb-fv94UBLXSFsA,6,5,2016-02-01 22:51:25+00:00,2019-08-27 19:51:21+00:00
ibh8iLrJioL90o_iHXedDQ,5,5,2019-08-18 01:33:05+00:00,2020-08-01 14:44:28+00:00
idgPhN-N3gkZBC9Ocnp_sw,6,6,2017-07-02 22:50:29+00:00,2021-07-18 13:50:14+00:00
ig78V5Hmr6q-uR4hXMtqvw,9,9,2018-09-20 14:04:58+00:00,2019-12-11 01:28:46+00:00
ij3FhJBdPulyz7WgeeFr7Q,9,9,2018-03-15 12:44:44+00:00,2021-12-12 19:24:26+00:00
ikmXgusUvPYOqlHt5LuH6w,52,39,2010-02-27 17:49:00+00:00,2018-06-21 23:52:57+00:00
iu3LcHQrA0EkInB2N0UWCA,5,5,2015-07-09 00:54:00+00:00,2015-09-17 09:15:32+00:00
iy48sXsYF2wdO7u98rS3ww,64,58,2011-11-03 00:04:40+00:00,2014-11-11 19:30:08+00:00
iz6amC-ytaz6Dt4RIYtcnw,47,40,2011-06-01 21:09:22+00:00,2016-02-15 16:48:42+00:00
j-zK7Oo_sNljumor7Y7yiw,9,9,2016-01-24 00:23:29+00:00,2020-03-17 15:03:52+00:00
j3grLltXv1efw8j1FZ5W0Q,5,4,2015-10-24 21:12:19+00:00,2021-08-18 00:26:33+00:00
j7OqaWk_Ki_ZcBT99xhM-A,6,6,2016-07-09 10:36:12+00:00,2021-05-12 16:58:00+00:00
jF2NWMxcrPsZCiZ0z8jJSg,19,15,2012-04-13 19:37:51+00:00,2012-11-24 23:30:17+00:00
jJroLKOjVKWxfVp7awd6sQ,9,8,2018-10-29 17:09:24+00:00,2019-04-27 20:20:21+00:00
jPUnXRb4Fjc2icuHFA_zqw,5,5,2017-02-26 19:26:00+00:00,2017-05-22 19:00:14+00:00
jSU8wBJ4R6gUle3qbN75yA,6,5,2015-01-19 05:07:59+00:00,2015-03-19 11:44:17+00:00
jSf_SBIKiLRS8WePH1_mfA,7,7,2014-11-04 18:37:09+00:00,2018-12-11 19:17:11+00:00
j_dm105rRviZ-xi7xCI5Jg,19,18,2016-07-07 19:38:20+00:00,2019-12-11 23:45:56+00:00
jjm96iKMzOXHnIhGxvxfCw,6,6,2017-06-29 00:48:49+00:00,2019-07-31 17:15:22+00:00
jkTC2tcJXL_W341a5_8I_A,17,14,2015-11-01 19:36:24+00:00,2021-02-07 15:18:57+00:00
ju3fAGMdNwhwEBC6yXRlOA,5,5,2014-12-07 05:06:25+00:00,2014-12-07 05:39:07+00:00
jwuhvdOUPVnVe-QAS5Ycgg,21,21,2014-06-06 11:53:56+00:00,2018-09-12 00:41:21+00:00
jxN3P8JnAF8k8UBl6knPMw,10,10,2016-07-23 23:47:12+00:00,2021-08-04 13:33:27+00:00
k0p0RWMjvv8Ps1SUSuYL1A,16,15,2015-03-22 16:46:52+00:00,2018-07-12 15:43:16+00:00
k2nqc9tAtBnv9Gn6Ow9pyw,5,4,2015-08-20 02:48:05+00:00,2021-04-11 23:13:02+00:00
k9GaWoNc6PPfiBHutgQVJA,5,5,2015-01-19 04:04:22+00:00,2017-07-24 20:44:27+00:00
kDyNXZa_Ph0IdGHQCT1LeA,9,6,2011-08-31 23:32:26+00:00,2012-09-02 05:46:56+00:00
kI4AqkGkZhCI77oShkBXtg,8,6,2014-01-10 01:31:12+00:00,2019-09-28 16:56:14+00:00
kKncnVGJRsJ8j9UnbqmdsA,59,55,2012-08-06 18:12:28+00:00,2018-01-10 21:06:27+00:00
kMuYiGpfaZQ1QktYqbvChw,5,5,2015-06-21 13:09:37+00:00,2015-08-22 03:46:51+00:00
kOG9KvVJ3A-FvNx5WILuwA,19,15,2011-10-27 18:37:25+00:00,2021-10-13 01:51:04+00:00
kQPM5MJIL4uZWXbyFnHZ-A,6,6,2016-06-15 23:09:13+00:00,2017-06-06 17:23:37+00:00
kSR4n_tOHVMLsMosSIqYkw,5,3,2016-10-30 01:17:51+00:00,2017-08-19 05:21:25+00:00
k_muz40jJaiY1PVga6NDXA,185,119,2008-08-17 18:50:38+00:00,2021-11-12 15:05:58+00:00
ka4y4r5syDvy0TfnVnGwdA,18,15,2011-03-13 18:27:02+00:00,2014-07-01 02:04:12+00:00
kjfF-u8c55wI8f9Oouac8Q,7,7,2018-05-26 17:22:32+00:00,2018-05-28 20:19:01+00:00
ktsnm5_k0Kb3C8ALMvhHdQ,8,8,2013-09-09 01:20:21+00:00,2014-03-08 18:53:03+00:00
kzkAXy9mJS6gMljzC4xGXw,48,30,2008-12-01 18:26:25+00:00,2012-04-07 18:22:30+00:00
l8YT0FqbvwEzrCH4HrrDKQ,12,11,2015-11-16 18:33:46+00:00,2021-10-20 16:32:43+00:00
lHJIhD0vQ8xjyHUb-IxByQ,22,18,2018-07-08 20:04:27+00:00,2021-04-25 15:20:49+00:00
lIgrsHJACOeILxgcH_1CKw,9,9,2017-06-20 06:44:23+00:00,2017-09-05 21:07:57+00:00
lM1F_4TP8sgIaFVSO14cTA,26,26,2014-07-08 05:19:16+00:00,2019-12-21 19:31:07+00:00
lXQDplfo4ncsCiv9CG54wQ,6,6,2013-09-03 15:46:01+00:00,2019-09-30 02:41:16+00:00
lZK0EiCyaCYI1FKjoRANoQ,6,6,2018-02-06 15:31:36+00:00,2018-02-06 16:14:21+00:00
lfrWaxgLJhiF-oC7tO981A,21,18,2009-03-04 04:59:01+00:00,2014-09-29 00:31:50+00:00
lgFj0_TThO-a1j_5X7uWMg,8,8,2017-07-11 23:52:29+00:00,2019-05-15 16:32:31+00:00
ln8B-7rV9JFVOvrsCnUqjA,5,5,2015-07-11 16:05:13+00:00,2015-07-14 00:07:11+00:00
lo3O4Gd7ADVhN0xlhuQ7tA,5,5,2013-06-26 18:36:04+00:00,2015-07-18 02:14:24+00:00
loisywO3K7nC0hOx4HYgOQ,7,7,2018-10-10 01:57:09+00:00,2018-10-17 17:54:43+00:00
lpPBPfO7MSWXxCMyLPb6kw,6,6,2018-07-30 00:16:04+00:00,2020-06-16 14:49:53+00:00
lpjYic_UWNbDNmyBRXcX-g,19,19,2015-04-19 21:58:06+00:00,2019-11-24 22:56:59+00:00
lqLWjv3R2U2wp9Qa5t6nNA,6,6,2015-07-10 00:48:43+00:00,2019-05-30 15:57:53+00:00
lshUkvoHpnQudQklC0q48A,16,16,2014-08-13 03:12:30+00:00,2014-11-10 01:18:29+00:00
luneE7MbL8ssjSdfGRp9Eg,5,5,2012-08-06 15:55:55+00:00,2012-08-06 17:59:05+00:00
lw_fLBSUSNX7QwryO7euCw,20,19,2013-07-02 13:30:14+00:00,2021-09-21 00:32:06+00:00
lx0UBvzgmIu45g9g3G70BA,6,6,2013-01-07 19:36:08+00:00,2013-01-08 21:39:01+00:00
m22KZqgt2OwitXpC3kPVzA,34,32,2014-03-30 19:43:14+00:00,2022-01-18 04:00:40+00:00
m6kKzcA0mcCpWKQ230zHDA,5,5,2016-08-14 23:45:32+00:00,2016-11-30 04:05:06+00:00
m8ALOcSqmMRPMzBnLOTDUg,12,10,2011-07-31 17:44:08+00:00,2015-07-10 03:11:38+00:00
mGzqdHE2pJqpYdZhS5QweA,11,9,2013-01-30 14:11:53+00:00,2015-06-07 12:48:08+00:00
mJLpf9yNzY2R8m7hVXBzDg,65,60,2020-08-01 18:58:25+00:00,2021-01-31 19:08:50+00:00
mOUb4M5-UYabzNUtl7CrBg,7,7,2010-05-25 01:05:15+00:00,2010-06-02 22:03:56+00:00
mOzvWfmM0XgCsI2pJPEFaw,6,6,2017-09-18 01:04:22+00:00,2020-06-16 00:34:13+00:00
mPVO9w558aXeoTjD9INNuQ,9,8,2015-07-01 22:24:48+00:00,2020-01-12 03:12:23+00:00
mQAFzRcOv8tsruXOBkGYtg,29,28,2020-02-28 15:16:00+00:00,2022-01-13 17:45:00+00:00
mQgIRFjUWpMpnPVG6Rf_nA,5,5,2015-09-07 15:26:22+00:00,2017-01-29 02:25:12+00:00
mXiw0HwmtY7eL8hlnVs6aA,10,10,2009-12-03 02:35:55+00:00,2010-04-01 22:19:42+00:00
mcWqvxPLSXGd8NP2RqtuAQ,7,7,2015-08-28 19:05:31+00:00,2021-08-28 00:14:30+00:00
mf87yjv9RJWPiwMWI39YEg,11,10,2016-03-28 22:53:58+00:00,2019-10-26 21:53:10+00:00
mnceWVTuBAA_JbrjOEa70A,11,9,2010-12-05 20:05:37+00:00,2014-07-02 01:40:07+00:00
myWcP4GNisRJImnctIHT6Q,5,5,2017-08-01 22:09:37+00:00,2022-01-17 00:10:21+00:00
n0srlwBnVO7Hs_bZ1jlFzA,20,15,2012-07-14 14:38:02+00:00,2021-03-27 20:50:26+00:00
n5ZcMvJQb07XMjj9pCTYLA,17,16,2019-06-15 20:00:23+00:00,2022-01-09 21:43:30+00:00
nFO1J9FJYFmI6zlKe9nxiQ,17,16,2017-05-04 18:01:44+00:00,2019-10-17 12:36:40+00:00
nGLWk4b4DjvET3LDGjJ7eg,5,4,2015-10-23 22:06:24+00:00,2017-08-19 18:25:11+00:00
nGkKPb7xdLsUd1vCk2nqYw,7,7,2011-02-19 17:52:30+00:00,2019-06-03 16:02:45+00:00
nGw5tCOzLDgKbuZbtckVtw,5,5,2020-12-27 19:55:54+00:00,2020-12-27 20:10:44+00:00
nMyF71OVIEftHtVWrXwsxw,6,5,2014-02-17 21:20:06+00:00,2014-03-16 04:19:53+00:00
nT8eqcUUpgfzASqe8ITFQw,35,31,2016-07-28 02:41:12+00:00,2018-10-29 17:19:51+00:00
nU0qJPZ6m8PazfHRQLJxAQ,6,6,2018-06-05 22:39:33+00:00,2018-06-05 23:14:51+00:00
nYIH8IHzWp3j33L3qsAz5Q,15,15,2008-12-30 00:47:52+00:00,2012-01-18 21:35:53+00:00
n_xtoc4yZdM7kR8QdKv8Ow,5,5,2017-06-28 20:48:41+00:00,2017-07-29 17:50:59+00:00
nb_rhj6Wv_1n0P3P9jVRNw,35,35,2013-02-19 18:48:03+00:00,2019-02-14 14:24:54+00:00
ncvfEtqeRJrs-CsyLknWmQ,12,12,2014-06-26 23:46:43+00:00,2018-01-16 03:24:25+00:00
ndBvEE4zdrkbw5w0rd0lKQ,8,7,2016-03-23 01:23:21+00:00,2016-11-22 03:34:17+00:00
ndUKNiP92lOCG3x0yVeh3Q,26,22,2011-08-13 17:11:39+00:00,2021-04-18 05:57:23+00:00
nkxgSAyoFvjWvtV4JDR6kw,5,5,2021-01-09 15:17:22+00:00,2021-01-09 15:27:13+00:00
nm6rVuEUUjaxjC5K0bvlWg,36,35,2017-10-11 15:48:25+00:00,2021-08-28 23:05:15+00:00
npzsQuq2u8VgBIpA_CDu5Q,11,9,2014-05-19 19:46:53+00:00,2021-07-26 17:17:29+00:00
ntG7xr8zNDX-7Ux5zIqLkA,7,6,2017-11-14 18:52:50+00:00,2021-07-05 23:12:57+00:00
nvExmyNyEOZRW5Am6xhmVQ,5,5,2017-06-11 20:14:09+00:00,2020-01-13 18:51:11+00:00
nzonwigSpOOJfqLvp3mqHA,5,5,2021-11-30 02:36:30+00:00,2021-12-10 02:34:07+00:00
o3RdErZ9JI6Am3gGi0Kv0g,15,15,2016-04-05 01:23:42+00:00,2021-07-18 19:57:40+00:00
o4iHwVDRfhMMlHF6IlzrJQ,49,48,2018-09-10 20:50:44+00:00,2020-04-23 00:30:07+00:00
o8JbrCaUpbL7M83qeHbSQg,16,16,2009-09-26 11:40:23+00:00,2019-09-14 14:34:11+00:00
o99n86mgCJ_kbhMbE45CyQ,5,5,2011-01-10 23:24:34+00:00,2011-01-11 00:04:00+00:00
oBlfGG-V8TuXVHCkcvvGzg,8,8,2011-06-05 21:35:35+00:00,2014-09-22 13:54:42+00:00
oDcCLLZ96VRmNPubnUVEDg,5,5,2018-03-24 11:22:01+00:00,2018-03-25 17:13:28+00:00
oEj9vDdKeMx1MUuFymfPaw,9,9,2017-10-07 17:16:37+00:00,2019-10-31 19:00:58+00:00
oGKgTy7x8-mD7ngegMh-zw,18,16,2015-10-10 14:11:04+00:00,2016-07-06 00:17:12+00:00
oHmfaYSotJty1zTMMp9iNg,42,38,2015-08-08 20:47:30+00:00,2019-02-17 02:29:41+00:00
oJCRGi311azjaB-LwdpMiQ,23,21,2013-08-02 22:55:21+00:00,2021-12-15 16:05:55+00:00
oKMfIpS_kzSvf_k-qDS10w,6,5,2015-06-07 19:59:36+00:00,2021-02-17 15:23:37+00:00
oLvssslByKvEAjyfaV03jQ,21,20,2016-09-02 00:50:33+00:00,2021-06-07 03:37:19+00:00
oMbynm2S4a9uU8bnCn5g2Q,10,10,2017-08-31 06:24:10+00:00,2020-02-08 20:59:05+00:00
oN0a6KsY7fX5K7CsxKW8Tg,16,12,2014-05-10 00:15:38+00:00,2015-07-05 16:22:54+00:00
oPdEoxq-tq6swa5rvhQQ2A,14,13,2019-02-04 21:50:32+00:00,2020-11-21 02:44:37+00:00
oQBKkCcgAhy2QQuXUwa0Lg,6,6,2013-12-04 22:36:29+00:00,2017-03-08 18:40:55+00:00
oQlMwfPYbS9VTtz3edTZnA,6,4,2013-11-17 01:21:28+00:00,2013-12-13 23:24:22+00:00
oTpwXmK9QxWkyox3P_HBxw,6,5,2013-08-01 02:31:13+00:00,2016-01-06 06:16:45+00:00
oWxI9xF0aRPjP-RI2rDKzg,6,6,2017-08-30 15:44:12+00:00,2020-10-24 20:31:29+00:00
oXK8yj5yy2tuvFZrx_GXqA,5,5,2008-08-26 17:27:49+00:00,2021-10-01 00:54:42+00:00
oga5MeRqIRV-fwGVaRxtsw,6,6,2014-06-20 15:34:40+00:00,2014-06-20 19:12:45+00:00
oj_ron5ljul-wJ47Fx4F_A,18,13,2011-09-01 02:11:18+00:00,2013-04-11 00:45:59+00:00
on7SZ1bo46GKbaVqLIAWhQ,108,82,2010-07-12 16:50:27+00:00,2015-04-10 18:45:50+00:00
onT-YWW_Ytq3HXgeoKuHIw,36,31,2015-08-17 18:34:22+00:00,2020-09-19 02:34:15+00:00
onnQ57YN5i_WDKxY9d1OCg,7,7,2014-06-13 05:13:04+00:00,2014-07-14 01:29:18+00:00
oo-DaKZoUG7tTpq3EAbuzA,6,4,2013-06-04 01:55:42+00:00,2015-08-13 00:39:57+00:00
orcq1sBl1HPVM8VbQ59RCg,12,11,2012-01-11 19:22:49+00:00,2016-11-21 23:03:19+00:00
p4OnonTUHt4YkXa79fXifA,8,8,2016-05-07 19:48:21+00:00,2021-07-25 16:40:58+00:00
p9ORGZoCat056HT35x1R8A,6,6,2018-02-25 01:35:18+00:00,2019-08-24 21:12:56+00:00
pAwMVKafxiZxu00y34-V8w,18,16,2013-05-27 22:34:02+00:00,2019-05-12 16:10:38+00:00
pCAL3IqliKEtiSl_4HPXwA,15,15,2016-12-13 21:51:54+00:00,2021-07-26 00:14:49+00:00
pKCdpxqKFJOPZ1JkPBN2ew,32,14,2010-07-07 01:00:28+00:00,2014-07-16 17:08:23+00:00
pOAOkXP-_TEOj6v0Z0BBew,8,8,2017-04-11 13:46:32+00:00,2017-04-14 02:12:41+00:00
pR2FWxF0_Dw6DLE-gjW3FA,7,7,2018-07-10 22:11:04+00:00,2018-07-22 14:31:49+00:00
pRd6Qn3_TEgI4sPGFl1FbA,29,26,2010-01-21 22:53:32+00:00,2011-12-04 00:04:12+00:00
pSK1ElVEia-wxyuKcnmxDg,15,15,2015-01-19 03:26:43+00:00,2015-07-31 03:20:41+00:00
pXUL0u92Z7Ac8vtfJOCbNg,7,7,2012-06-10 23:39:30+00:00,2018-03-18 22:11:22+00:00
pYekrYx-oSKYTYIxRu9VVg,5,5,2018-02-11 19:20:03+00:00,2019-11-03 14:34:17+00:00
pcJNeSRw8n1NpYNh6q62mg,8,5,2013-07-30 23:14:24+00:00,2021-08-04 21:25:35+00:00
pe7debduqsuJQw--9Bxcug,52,48,2010-08-27 03:04:47+00:00,2022-01-10 01:19:01+00:00
pflNohq48AYRhoqOjNflnw,6,5,2015-03-27 23:47:37+00:00,2016-01-27 21:17:07+00:00
pj6rNuouch7dyYGNUOAjsw,15,15,2014-12-31 22:02:15+00:00,2016-07-14 00:56:54+00:00
pkusnYeNq2MDQpqzYeyoWg,41,39,2011-10-31 15:49:42+00:00,2012-12-24 17:57:34+00:00
plzuk7UVzn-AKU3rsrqZow,11,11,2015-05-24 04:14:33+00:00,2021-06-26 13:01:35+00:00
pqxT5IAGPsK4Ko0FZA_5ow,23,22,2018-10-19 23:03:31+00:00,2021-02-04 20:20:00+00:00
ptRf4Yc9O-0IqjxqtIiU5Q,5,4,2015-04-18 14:35:53+00:00,2019-08-14 21:06:54+00:00
ptUShK8U2OvL05BSaw8lRg,7,7,2017-02-17 01:46:23+00:00,2019-12-19 22:50:56+00:00
pvi_baolWn7mrtcb9rWAEw,11,9,2010-04-29 06:04:49+00:00,2011-08-07 00:51:25+00:00
pxYlcqi1lGOlG31kIcHE0g,6,5,2010-07-31 04:34:09+00:00,2019-05-22 21:58:01+00:00
q-C1QnpNji4stdxqtkUr8A,17,17,2014-06-24 01:34:33+00:00,2021-09-19 03:36:44+00:00
q-vIVTIAcBQ8lkglLERlww,9,9,2011-05-03 23:39:42+00:00,2013-04-17 22:52:49+00:00
q2fj9pVg08cz28l9uOFh_Q,25,23,2016-07-10 23:04:52+00:00,2021-10-30 16:25:39+00:00
qBTNxb_R9qstclpte6_6UQ,7,7,2014-10-04 00:34:54+00:00,2019-10-04 15:29:55+00:00
qJ7XTi3J9-lUE2b-I63ZlA,15,15,2018-03-26 14:30:21+00:00,2022-01-16 18:05:24+00:00
qJeMQLpxExtkkuJcTtjulw,17,12,2010-06-11 17:23:01+00:00,2018-11-07 21:23:35+00:00
qJvmZzLTIC417knT4SXCOA,7,7,2017-05-14 22:24:36+00:00,2020-10-13 18:46:47+00:00
qP8PrF1TTmG0rBFApo-JKg,6,6,2018-12-20 22:17:49+00:00,2019-08-18 18:01:58+00:00
qQ_FzZU1s18IilbQkhSS1g,7,5,2017-03-18 01:51:15+00:00,2019-04-11 21:08:20+00:00
qSuKs9wHgtWVO6C3kvAlvg,8,7,2015-02-16 01:51:27+00:00,2020-06-16 23:22:16+00:00
qTMK2qr6ngof4fe29qyooA,162,103,2010-02-28 20:04:23+00:00,2014-10-03 18:01:08+00:00
qVI4IvpTEh47pWuWLRiXVg,36,24,2011-02-18 02:12:38+00:00,2014-06-04 16:28:01+00:00
qVz7EgaL6qYgVKiApx8Nzw,6,6,2017-10-11 20:37:28+00:00,2017-12-31 00:03:05+00:00
qXC3g4MHQDYuq9gyrPzI-w,17,15,2012-06-14 16:20:32+00:00,2013-07-25 20:49:41+00:00
qfcixZ4nNeFsbflsHD3Dfw,9,9,2016-10-08 13:56:32+00:00,2016-11-06 23:01:25+00:00
qgLwRvE6JkK_KnbuT5AKmA,11,8,2009-11-20 03:31:20+00:00,2018-12-04 03:31:46+00:00
qh97098p3nkRDlUDzzWvQA,7,7,2017-11-05 17:17:41+00:00,2019-05-15 16:27:33+00:00
qhTa_gzOMAlVuIr1kvQNKg,5,3,2013-07-22 00:10:28+00:00,2013-08-08 01:45:55+00:00
qj4eSnrR0aZUK2OPT-qYvA,105,66,2015-06-06 00:40:04+00:00,2022-01-03 00:18:07+00:00
qjL7NhDOlly9Yj5JSRdnHA,6,5,2010-02-14 01:15:30+00:00,2018-12-31 00:22:38+00:00
qkyDoOJ4h6pmbWWdbdPMrA,11,11,2011-10-18 23:32:51+00:00,2014-08-03 14:53:09+00:00
ql8cjUqJEn7aUb26Gq49bg,82,72,2014-08-10 18:13:18+00:00,2019-05-14 03:30:05+00:00
qnIc4_kv45nUauKUUpqiKA,7,6,2018-12-18 09:06:49+00:00,2021-05-30 23:36:05+00:00
qrI4af6hudXSpHF7iigeFA,5,5,2014-04-30 19:54:46+00:00,2015-02-15 20:37:43+00:00
qsk5uijH1djK0ZmD0pqnKA,8,8,2018-05-18 00:17:23+00:00,2021-12-20 22:27:31+00:00
qsuRj329ek3rCSu6f_FEiA,8,8,2016-07-17 13:46:54+00:00,2017-07-20 19:31:34+00:00
quFH0cGNItZpGGU9FS_Q_A,8,6,2015-07-15 16:55:32+00:00,2019-09-28 21:54:13+00:00
qv1U7csVU1L5T0zP2Ot03Q,6,6,2018-03-16 22:26:39+00:00,2018-04-29 23:48:24+00:00
qwd4cN5LrkUbjzyMv9slKA,7,7,2010-07-09 16:18:20+00:00,2010-10-21 22:36:42+00:00
qznoPwnKEa6MNnVj7C_U6g,11,11,2015-11-11 16:44:18+00:00,2018-09-08 22:05:33+00:00
r3ov7FgibBx41_W74I1KiA,27,18,2010-07-06 17:44:00+00:00,2013-05-16 13:38:51+00:00
r8NjQpTwjbNpw4n_mz49DQ,14,14,2015-06-22 01:34:13+00:00,2021-08-12 14:31:19+00:00
rDy5a0ZIYxVuShBzX96jYQ,37,17,2012-01-11 13:44:40+00:00,2015-05-11 17:30:04+00:00
rGwM0TgJ5S67DRkRMi99Fw,7,4,2016-03-19 20:21:34+00:00,2017-02-22 00:04:18+00:00
rMYuU_UQejQ4PBNW93gUWg,7,7,2017-09-25 15:07:01+00:00,2021-07-24 03:36:26+00:00
rNm9bItfqHT4Y2_tXsjL2Q,55,43,2016-09-29 22:42:56+00:00,2019-10-14 00:13:18+00:00
rPXZ7akmqKq_a_oDEmi_Ig,9,9,2018-11-19 23:16:26+00:00,2019-09-14 16:42:13+00:00
rQrlI-TFTkHL3Yv2rv5a6g,12,12,2013-07-01 03:58:19+00:00,2015-07-15 19:45:21+00:00
rR14mlsyG31rZ5oedSEtuw,12,12,2014-06-06 19:19:09+00:00,2016-02-05 16:29:27+00:00
rRz7xuwKn-W-eWfMnZcR-A,5,4,2017-01-16 23:38:46+00:00,2018-12-10 12:46:36+00:00
rTRqf7-Jl7nsvbbtNAJFQg,6,4,2016-03-12 20:42:02+00:00,2017-01-14 15:11:24+00:00
rae3XnBTKX6ANvWZ6i8Y4A,97,85,2016-10-06 23:13:21+00:00,2021-12-19 03:44:28+00:00
rdyPCaD80cgRx7rPzNTRuQ,6,6,2011-07-13 05:57:49+00:00,2020-11-02 00:52:20+00:00
rfxRV2phA3s2YHD7tkS1MQ,5,5,2017-10-25 22:26:32+00:00,2017-10-30 00:19:50+00:00
rk1OhWsJ_bYVfQrLkI93XQ,7,7,2017-02-18 04:15:38+00:00,2021-09-23 02:08:10+00:00
rkDzcDOT-ijLVzp8Bq5qUA,11,11,2010-10-05 10:44:56+00:00,2018-03-10 04:44:56+00:00
rnki7PLVT7oIuYH6U0XpAQ,6,6,2015-09-13 14:11:10+00:00,2016-05-21 23:51:46+00:00
rtGnlR02bjJXp0cg-RzR6w,64,54,2015-03-09 03:28:37+00:00,2019-09-12 04:42:53+00:00
rwKrcSbr5yn_Wwpi23rNvw,13,10,2009-11-22 17:30:30+00:00,2020-09-04 20:49:15+00:00
s-IamAe1Ix6aZvbrQe9Lkg,8,7,2020-10-18 00:48:08+00:00,2021-05-02 15:11:02+00:00
s057_BvOfnKNvQquJf7VNg,16,9,2013-11-06 02:41:14+00:00,2018-07-06 22:35:02+00:00
s3IJ26fV1bLk1K0xBiwp9w,7,7,2021-03-23 19:59:32+00:00,2021-09-26 14:35:45+00:00
sA966-_1mkAldIEKf2tt4g,6,6,2017-01-13 19:29:46+00:00,2017-01-18 16:32:42+00:00
sAw0nfFSLIhn1AJi1e2oUQ,14,11,2014-05-20 05:22:17+00:00,2016-03-06 00:05:59+00:00
sFGDoz_4F_xswZIqBkKcmw,7,7,2020-01-11 01:58:53+00:00,2021-09-04 20:40:17+00:00
sKqLFcg3gGfvQrlGegl-Qg,8,8,2019-08-25 04:32:09+00:00,2021-02-27 03:36:27+00:00
sOGVdjTzOMNMlVs1RWmjcA,44,39,2008-06-16 04:04:17+00:00,2014-07-07 04:11:28+00:00
sPOo1ONS1-4EVv9bfIGq9A,5,5,2014-05-31 17:16:44+00:00,2016-10-09 20:05:21+00:00
sUxQgDzUDwD4Sh9Vo-L-ZQ,23,21,2014-06-24 22:01:48+00:00,2020-10-06 19:26:39+00:00
sVt0D9h2qTozyfifDre2Sw,11,10,2016-01-09 01:15:43+00:00,2019-08-10 15:30:38+00:00
seQwVtztnrIdVMtOutC4LA,17,16,2013-01-02 23:48:51+00:00,2021-10-20 21:01:34+00:00
skfq3_3CMZhQGVB4bOpcjA,7,6,2017-10-26 17:10:41+00:00,2019-05-28 05:29:32+00:00
ss8VEYHv_Ram2iGQ8ucxug,17,14,2015-08-01 14:35:40+00:00,2018-09-11 22:39:55+00:00
sy7tdUjMzbCMdB1kFMyHJg,10,9,2019-02-18 03:10:28+00:00,2020-11-21 18:57:03+00:00
syAUVETWFLn0eXkE4bVvRg,8,5,2010-03-22 15:14:39+00:00,2010-03-26 12:25:37+00:00
sz-6iY15Ukhcgc4CFJJ3xg,29,28,2018-09-21 19:00:08+00:00,2021-12-26 18:59:56+00:00
t-cWCcy1T6gv_JuL8Lsksw,23,23,2013-11-14 00:57:20+00:00,2020-06-07 04:52:49+00:00
t50FJnRwDezmTfOhFFPbbA,14,10,2013-05-28 17:32:08+00:00,2014-05-26 00:54:17+00:00
t54WpcV6gQWRZfK_7L20uQ,5,5,2015-09-16 00:34:40+00:00,2021-01-01 02:01:43+00:00
tCim-JokIwYtR6z5eAaroA,11,5,2016-08-02 05:06:09+00:00,2020-05-07 19:49:48+00:00
tDALsTjmosc6ELEhrRHPEA,6,6,2016-10-28 02:00:44+00:00,2018-03-24 13:10:09+00:00
tIlTwpzG6crqT44PP0d0WQ,15,14,2015-03-07 00:23:14+00:00,2021-01-29 23:58:12+00:00
tKgqP5QgDVoG0qCkFolx0w,7,7,2017-03-11 03:36:42+00:00,2018-05-04 00:51:36+00:00
tOxT1uyebPZbBuQmt51xcw,6,6,2013-04-23 21:15:19+00:00,2013-05-08 21:00:15+00:00
tT8AaOFl6oAv8gCIt_yVqg,6,6,2016-10-01 20:31:50+00:00,2017-08-12 01:30:15+00:00
tWr6wxuU9Ow4r_SIqQU0uw,5,5,2015-07-26 03:19:33+00:00,2016-10-31 17:11:16+00:00
tgEiQBZtBoGgj4cXtj-eUw,8,8,2019-12-26 17:28:47+00:00,2019-12-30 21:38:37+00:00
tjAOK9sO3SlvzSF-UYn5xA,9,8,2012-08-05 18:19:44+00:00,2015-07-01 00:20:04+00:00
tlxpbxBH8tNdM5bUmt4iww,12,12,2012-08-25 20:17:46+00:00,2015-03-03 07:55:51+00:00
tr7MN0awianpN5wKBtRgAg,13,11,2014-03-17 23:57:39+00:00,2019-01-06 18:39:46+00:00
ttXX_uQkwH0bMISF4IP3Rg,7,7,2018-01-08 19:50:48+00:00,2019-08-05 02:36:21+00:00
tvaJ_Z72YAIW8AwFCqnM-A,5,5,2018-05-16 21:44:57+00:00,2018-06-23 01:08:14+00:00
u4Jt1on97OGn3-_AfmCuaw,8,6,2015-06-07 17:32:55+00:00,2021-08-13 13:02:49+00:00
u7f8qsRYHCwWGUomm659SA,9,9,2007-10-07 13:39:28+00:00,2007-11-24 18:59:45+00:00
u8jHy4P5WhqVwNBFvfeo3Q,11,11,2018-01-21 00:08:43+00:00,2021-08-15 17:26:07+00:00
uDraUZMGBf2GYE_Z-6Ue9Q,8,7,2019-08-23 18:05:17+00:00,2021-01-21 20:01:51+00:00
uFdtg4mjDrhGc2zq7u8fjA,6,6,2016-08-29 20:19:33+00:00,2018-05-21 00:15:48+00:00
uMvlh5oocS-D9afL9SyMLA,5,5,2018-08-11 22:19:02+00:00,2018-08-12 16:32:19+00:00
uPvyXXs3XWY7iYk9Sqy-wQ,5,3,2016-05-04 21:20:24+00:00,2019-01-23 18:21:54+00:00
uSVd8L6hqe5N6k5W5nD3Qw,11,10,2014-01-25 14:52:26+00:00,2021-04-18 15:26:33+00:00
u_TkXMtQ-xOZeC569ISBLw,5,4,2019-08-10 23:56:24+00:00,2020-01-07 23:19:47+00:00
uaGusfCX2BCNb9aXeW43TA,5,5,2014-09-13 01:54:13+00:00,2014-12-31 17:26:11+00:00
ubDcRO1LhtpTXeeI9r08wA,6,5,2015-05-12 20:58:08+00:00,2015-08-03 00:41:08+00:00
ud_FXCdYEBzEmN-StimrhA,20,19,2015-07-14 23:25:38+00:00,2019-01-04 02:16:36+00:00
ugk0g6vyv2XavpoTaJSy6A,6,6,2011-04-01 00:19:28+00:00,2011-04-01 00:56:22+00:00
uqBfXS2d5nMAW1oKB6uHnA,5,5,2018-05-31 23:45:29+00:00,2018-12-04 23:44:12+00:00
uuj_1xYQDVcqUCskx9uMbw,16,14,2014-12-01 17:33:52+00:00,2015-08-09 19:06:31+00:00
uzJz5yrEKWIhKzcR3uIlsA,44,37,2011-04-09 00:04:55+00:00,2020-03-17 14:39:18+00:00
v0ybVZuZn1oz8FxrLIjPOg,10,10,2016-03-05 15:30:01+00:00,2020-04-15 18:26:46+00:00
v2uq7UUFJqaRSQNcd5K-xw,47,46,2019-02-11 16:46:34+00:00,2021-12-24 14:33:09+00:00
v6m5JohOSluoiQ4eqIEVxg,6,6,2015-03-09 05:18:31+00:00,2016-01-16 06:41:03+00:00
v8BQSU_iU9DShiGI5T00_Q,6,6,2017-07-21 16:42:41+00:00,2021-06-12 14:14:18+00:00
vDNrQU7yYNgkXfSwQCb8uA,15,14,2012-04-19 15:37:11+00:00,2019-10-01 23:19:12+00:00
vGHWoT-knZ5kNDDRaZS2lw,7,5,2013-07-30 15:09:31+00:00,2015-06-19 01:11:29+00:00
vIEAF_7LV8oQ6MJn0Q1lFA,6,5,2018-07-07 23:15:06+00:00,2019-09-07 23:33:47+00:00
vJ9d8w9Sj8lrJw8d-K1olQ,10,10,2012-01-22 21:49:07+00:00,2015-02-14 02:09:55+00:00
vM14ysC_qD69WI0HwoBMuA,9,9,2009-05-29 17:17:22+00:00,2010-09-19 16:23:41+00:00
vQAa8zdp3NSEKgCotEobbw,18,16,2013-07-19 22:13:51+00:00,2018-05-22 02:12:41+00:00
vQHh2F5wXHx0CiT4sPt74A,9,8,2016-08-29 09:39:15+00:00,2018-09-04 15:51:55+00:00
vTHOhd8DXvZT4eHndd591g,18,18,2010-06-05 14:13:36+00:00,2011-11-01 21:39:31+00:00
vVXGnFehkEoL5sNoqK4CUA,15,13,2014-03-23 18:10:22+00:00,2018-10-20 23:11:18+00:00
vZsH7VYNIa42wo4-f1svEQ,15,15,2015-03-05 17:33:28+00:00,2021-06-15 19:27:05+00:00
v_nzP2R1_wAyOw48D9ToWg,6,6,2015-05-29 16:36:24+00:00,2020-01-30 16:47:13+00:00
vaxt3aJ9U5WdgEo1PNgn_g,7,6,2015-06-26 02:31:53+00:00,2018-04-14 03:57:09+00:00
vcgEvc7YJsskN5exSG6ewA,5,5,2012-04-15 05:13:44+00:00,2014-06-12 02:18:01+00:00
vh_c8-LWkDDmZRg8KaC-xA,5,5,2017-07-06 18:15:05+00:00,2017-07-06 21:47:48+00:00
vrYuT-SgcZ67WIyZsWhbWg,9,8,2018-06-12 15:25:30+00:00,2020-09-03 20:53:12+00:00
vxeB-x3pLi6xWnDnQUaCMg,7,6,2011-03-19 16:40:39+00:00,2012-12-07 00:36:59+00:00
w6tpXm0c3iIF872A-u_GAw,17,17,2018-07-06 17:07:28+00:00,2020-12-31 05:18:18+00:00
wD_ajXsHopqvjxbQSHnGjA,5,4,2013-06-29 16:03:04+00:00,2019-05-12 11:04:29+00:00
wEeSmYi2OsqhGTKH8EX7fg,5,5,2012-09-18 04:25:52+00:00,2012-10-04 23:30:48+00:00
wEua7xjmvvMCrrYJeoN-Xg,7,7,2017-05-09 01:37:41+00:00,2018-09-02 03:30:42+00:00
wI2YTLDtbj9wkVQBiM8DEQ,6,6,2008-02-23 14:25:51+00:00,2009-04-06 11:09:38+00:00
wLRNQ5_xM9E_Am5lh9jASQ,9,6,2017-04-16 23:37:49+00:00,2020-12-05 21:46:52+00:00
wLbQ_22n5_F409Rc61IGiQ,6,6,2015-03-13 16:21:34+00:00,2016-03-31 19:38:57+00:00
wN7aftG7QsS8xktkaZ74nw,5,5,2020-01-01 16:18:57+00:00,2021-08-13 01:16:10+00:00
wTdEJv1VYUdlZ0_fS_vT5A,70,51,2010-04-12 00:36:08+00:00,2013-04-11 03:17:31+00:00
wW8_92GRWJScXy96GDNpmQ,5,5,2021-11-12 00:34:11+00:00,2021-11-14 22:23:50+00:00
wY-pfw3kF5_fWRSHpRZzXQ,6,5,2015-06-08 23:04:49+00:00,2017-01-13 23:39:57+00:00
wdgq_LkASF6ggKJSaLUNIA,9,9,2017-10-22 01:26:52+00:00,2021-03-01 20:27:07+00:00
wdyd3EkJtkTzH3sM0JmV2g,8,8,2018-04-05 19:10:15+00:00,2021-06-27 20:10:36+00:00
wggO14a49phj5eGA_KFJ5w,7,5,2012-12-27 02:32:21+00:00,2013-02-02 18:03:17+00:00
wk5KGCCry6mTVtJUJoSaqA,9,9,2018-08-23 21:46:53+00:00,2019-03-23 15:41:23+00:00
wm5g3HlFd4U91iYcqXGM2A,7,6,2018-04-25 01:42:44+00:00,2018-09-23 11:33:28+00:00
wrcVzGPGIOL2Z3Kxmg9fwg,5,4,2016-03-21 19:34:01+00:00,2018-12-03 21:53:14+00:00
wtMYSKrt3yE2r-TNp_6spA,9,8,2018-03-10 14:43:37+00:00,2020-01-07 14:40:48+00:00
wuVdyjawx8yVotASEQPn6w,14,12,2014-02-05 13:02:58+00:00,2021-03-28 15:14:06+00:00
wyq_nDwEKwa0bEsN2oT_hQ,6,5,2019-08-18 02:34:10+00:00,2020-12-30 00:37:58+00:00
x0SrRrrCqQnQQlHo58SA3A,5,3,2017-04-14 23:02:45+00:00,2018-06-27 00:08:20+00:00
xAOQlKAe8a_FfaDepK0kMw,22,21,2018-04-10 18:54:06+00:00,2022-01-18 15:13:09+00:00
xBtMG7PnChQpnpQR6O8zNQ,18,13,2015-10-24 16:55:33+00:00,2020-08-07 18:38:40+00:00
xCGRIro1UK646WZmRROHLg,36,30,2010-01-27 12:15:53+00:00,2021-09-04 20:54:27+00:00
xCeBWM3AJrUfq6YCo3U-Vw,9,8,2018-10-13 18:12:33+00:00,2020-09-26 01:14:18+00:00
xEU5fkcMNfF3yXzj7jD7jA,5,5,2019-01-29 21:57:51+00:00,2019-02-03 18:33:18+00:00
xHf19ZkzGRWRd4JcIQ0mig,8,8,2015-09-20 18:23:11+00:00,2020-10-09 21:15:21+00:00
xK10fav5yVNepAidSjl2Lg,13,11,2013-12-13 23:51:29+00:00,2021-10-18 12:45:31+00:00
xKD6xH0ga9KsMXDIwz2MCw,9,9,2007-11-12 09:01:53+00:00,2015-05-18 01:50:32+00:00
xQ1tKIQZPEuIr33V_YXWyw,35,34,2013-05-16 13:48:45+00:00,2018-10-26 01:38:04+00:00
xR8FqS8xH9SD2W9d67Zawg,7,7,2015-08-08 16:02:50+00:00,2015-10-10 08:59:05+00:00
xVL65My7jYzFTYrG4WLOWw,5,5,2016-04-12 15:40:05+00:00,2016-05-12 03:41:46+00:00
xYzAQ7TLBEotU2tzWy1n4g,6,6,2016-10-05 17:01:04+00:00,2019-11-15 00:04:26+00:00
xZx17dwUwHQmXCXEV4HDEA,16,16,2011-02-27 19:43:39+00:00,2013-10-19 00:51:33+00:00
x_ARxnT3Jeci4H3g99qgPA,6,6,2018-09-28 18:48:28+00:00,2021-04-30 00:54:51+00:00
xkrT76DZlPLGW5NfiWzxkg,6,6,2020-05-17 23:26:48+00:00,2021-08-05 19:01:35+00:00
xmy3Tfla9k58FW4H1-5-2w,5,5,2014-03-08 18:59:01+00:00,2018-06-03 22:04:33+00:00
xn45v0BaWqKJlom0CDiVQg,5,4,2014-08-18 23:18:07+00:00,2021-09-08 04:34:19+00:00
xp9ARKy_Jm34TrlG3z3UdA,15,9,2011-05-05 19:50:57+00:00,2019-01-28 19:25:40+00:00
y-vE9nQyauGck-wlM5R1PA,7,7,2014-08-04 02:44:12+00:00,2017-01-02 23:02:32+00:00
y1lzOjoBhDulOPc7v-xCOQ,63,59,2018-07-20 19:04:55+00:00,2021-09-12 16:33:06+00:00
y3_iyuUmSnAvsoFBgh7jKQ,6,6,2019-08-30 21:53:29+00:00,2021-06-13 12:32:05+00:00
y41eTjSb9kbQsA5V6bAEUQ,10,10,2019-02-06 17:46:45+00:00,2019-07-09 17:41:14+00:00
y750_nHP1Lgu9rvAtZdnsw,9,8,2016-10-30 16:21:52+00:00,2018-11-14 12:09:38+00:00
y9dZmWasGZ0dUFakw1mnzg,5,5,2015-02-12 21:42:09+00:00,2018-05-05 18:53:24+00:00
yAzWY3vyTdmLjK1blLfHiA,6,4,2019-10-13 03:27:42+00:00,2021-05-14 02:49:28+00:00
yCnKZncv0TFF4OiIEYx5pg,10,10,2015-09-12 19:50:58+00:00,2020-03-07 02:42:36+00:00
yI3nFKpz_hZMhiVh6UbXfg,9,7,2011-07-02 17:40:37+00:00,2016-06-25 06:46:33+00:00
yTHstv3r9lhwpsqnHyh6zg,6,6,2019-06-07 02:07:18+00:00,2019-09-20 16:52:17+00:00
yXhsuwDpKVD2vPdT3H5qow,17,17,2016-06-08 19:38:52+00:00,2021-08-14 13:09:21+00:00
yZ7hQ1ecvmBJRGjVVTPHhw,12,11,2016-02-21 04:31:29+00:00,2021-09-28 00:52:51+00:00
yZcwTVKnu4bsvPNnkGkbWg,5,5,2016-06-25 17:16:49+00:00,2019-11-23 22:55:49+00:00
yaDSKPoiZe13cCZtAU15vA,46,45,2013-12-16 05:15:48+00:00,2022-01-15 23:17:07+00:00
yeV0fb77bIPg2ImuNuDKmA,12,10,2020-02-21 19:15:47+00:00,2021-07-31 02:22:39+00:00
yi8MUcO3O6ALXErrFuj2_A,49,43,2008-08-12 20:48:51+00:00,2012-12-05 22:02:12+00:00
yiu7X_J6RFh8-7Dn-pKPkg,20,20,2012-03-10 20:02:34+00:00,2020-01-05 18:37:59+00:00
yoG0aATEmo3Eq0sxUlDpBQ,5,5,2011-10-28 20:20:28+00:00,2012-01-08 18:23:30+00:00
ytTcyNugEE9N3xRaUeQtWg,5,5,2018-05-02 22:49:42+00:00,2018-09-02 17:56:38+00:00
yzaPaf8QIMuDtj6nkEyeuw,9,9,2015-07-10 00:12:58+00:00,2019-09-28 23:13:15+00:00
z9h4AXLMP29mytkzDXIYOw,24,24,2018-06-02 22:44:40+00:00,2021-02-28 16:51:47+00:00
z9mQ_Bh98tfsp3ISA83zwA,22,19,2013-03-13 07:57:37+00:00,2016-04-28 21:46:32+00:00
zAF--quEXsxrIDceOAAAzA,7,7,2008-02-20 18:49:52+00:00,2016-11-12 00:11:40+00:00
zAHE7e-CDCVJo2TSYlxSXQ,7,7,2019-08-27 17:43:12+00:00,2019-12-03 17:40:31+00:00
zAv3O_apoDvS9tbGWv3DlA,12,12,2010-05-10 00:01:00+00:00,2019-06-18 19:39:13+00:00
zBAqRls7-ODf8JC9KEPrvQ,54,47,2014-07-14 02:22:28+00:00,2019-01-03 23:54:08+00:00
zBsAh1NiDw9lPfYMRFZgVA,6,5,2016-12-01 07:20:18+00:00,2020-10-25 21:58:56+00:00
zGCkAfV6LxGgdsBVJGhq2Q,5,5,2018-09-10 17:21:10+00:00,2021-12-12 19:17:17+00:00
zL_pWFM3lkVkWjAydk2oxA,5,5,2011-03-25 22:46:51+00:00,2019-10-14 16:26:24+00:00
zM6JbV30m_wMspAlzXafog,6,5,2015-10-09 05:40:35+00:00,2015-10-10 20:15:20+00:00
zV0ujEgvsCGoPsTwuur8cg,9,9,2011-06-01 12:06:51+00:00,2014-12-29 02:04:23+00:00
zXLtePKW9Gv07avI3ST93w,8,8,2012-09-18 17:24:56+00:00,2020-12-18 18:33:05+00:00
zYikFTtJpwPUSHkIweunHQ,8,8,2019-05-23 18:22:41+00:00,2021-10-12 11:08:32+00:00
zZrb6PhlsLD3L5WcZ-c0Tg,27,25,2015-04-22 00:28:26+00:00,2021-10-27 00:55:31+00:00
z_j5j0IwcjwlzBxHrcTQAw,7,6,2017-09-09 19:11:21+00:00,2019-10-06 22:07:44+00:00
za-mhBnShYZ7FDhuE1k0Ew,6,6,2013-10-26 23:45:43+00:00,2016-08-10 02:30:52+00:00
zburgin1HAiVGMRYtOQB1g,8,8,2016-10-14 22:41:52+00:00,2019-01-06 21:49:03+00:00
zgxCCHJPYpdH-otHSwlsQA,9,9,2014-12-09 14:40:34+00:00,2019-11-16 23:39:23+00:00
ziB_bQFM0Hdp8j4dkdHkyQ,27,20,2011-10-05 20:27:21+00:00,2018-10-16 17:06:12+00:00
zp0Cq6Nvd-GsAatehXwjKw,5,3,2018-04-01 22:46:39+00:00,2020-09-13 20:28:31+00:00
zr9PstOo-1m5da1TdXxESA,7,6,2011-01-31 01:43:02+00:00,2016-07-31 16:29:00+00:00
zrkXhlOzlVF1yUoN6xNR8w,5,5,2013-12-30 00:57:44+00:00,2015-05-12 11:50:15+00:00
