user_id,cluster_id,hub_size,hub_lat,hub_lon,hub_rank
-0MIp6WKJ8QvGnYZQ5ETyg,2,6,39.8487272248,-74.98688209466667,1
-0MIp6WKJ8QvGnYZQ5ETyg,0,3,39.717069893566666,-75.00638145076667,2
-0MIp6WKJ8QvGnYZQ5ETyg,1,3,39.743752265000005,-75.09332898503334,3
-0MIp6WKJ8QvGnYZQ5ETyg,3,3,39.9493172327,-75.16429494453332,4
-1VbC_BSr9ai4drsuCCJxA,0,4,29.9528728086,-90.0643041308,1
-6DoXmdXEy_P5N-QZzntgA,0,6,39.868476066666666,-86.14203191666667,1
-6cPEM5jtb6A2M6mggn47g,0,10,29.95396396026,-90.06499000816001,1
-8lbUNlXVSoXqaRRiHiSNg,0,5,34.421507758580006,-119.70123266508001,1
-8lbUNlXVSoXqaRRiHiSNg,1,3,34.418200257533336,-119.8611842139,2
-DLVCiMg_uM0ihm8PcHWcw,0,7,29.955360344385713,-90.06841031982856,1
-EYAh6B8abzsq8ld_XGoRw,0,5,38.61233095522,-90.27131479637998,1
-Hm4V0KMXftGms0O-uHZiw,0,3,38.80160015493333,-89.94253201856667,1
-MiV-B9p4rO652My4HjYlA,0,3,29.9508849724,-90.06342902053332,1
-Q-PQD7nZ1dhADQTYwlsOA,0,6,39.951434740316664,-86.01812908525001,1
-Q-PQD7nZ1dhADQTYwlsOA,1,3,39.777936516433336,-86.15342679386667,2
-QmEKJ_CzZnT9biZHddfZQ,0,105,39.95238758360858,-75.17948339576476,1
-TQmf01XtBe5jOkHb84WPA,0,7,27.94841302087143,-82.48994616775714,1
-YXBkT3IAz1tUNKLtmvx0A,0,6,29.953065923683337,-90.07173257948334,1
-YXBkT3IAz1tUNKLtmvx0A,1,3,36.15377743333333,-86.77951526666665,2
-ZQK7CcOHeMwsoG7qKBGkA,0,4,34.407846975,-119.710717925,1
-_yn1IOKetBJuPxfK6u8IA,0,52,36.1588625539577,-86.79772434902885,1
-a3lBj2ulBxrIwZf4zdMTA,0,5,39.953754777,-75.15440329047999,1
-j1-ixhH0IhAlBXwdjpBug,0,3,29.956464201999996,-90.06747051283332,1
-l0-k3ezghmIHCtCnrTdLA,0,18,29.967046158877775,-90.08604307238333,1
-l1bn8D8iZ0n9Q0PgIDGBA,0,7,40.16456985714286,-75.1265495,1
-l1bn8D8iZ0n9Q0PgIDGBA,1,4,34.419753799999995,-119.65900565000001,2
-mU1Bd61e_LQ38IKgd3i5Q,0,8,32.2140153224,-110.84948139849999,1
-pUJtDKDeYYBa7ZoyJFBMw,0,30,27.946049842533338,-82.4824124219033,1
-psFb4sFsOm0oRLY2Kye0A,1,14,36.1509269924,-86.7998678142143,1
-psFb4sFsOm0oRLY2Kye0A,0,11,36.320036590336365,-86.60420375518183,2
-vZrPZX54a1m-hqAKMTTWg,0,3,29.955310233333336,-90.20761113333333,1
-yQw7ugqK6j81yQSpI0BJQ,0,4,34.41249122825,-119.856344859925,1
0-VeqEryJUgtML9lSqvKMQ,0,4,27.943284575,-82.49721905,1
01uDjmkqP32bTkCHuWIKBA,0,4,36.165492991,-86.787725087425,1
02hZ8ZzZ1wJHFE1_fPuOwA,0,3,39.89456570466667,-86.0026307777,1
07ZgihuH-9Ih5dyI9hxRvw,0,5,29.954133716399998,-90.0656808227,1
0NRrwhCDOv3jK2ZcKBnpQg,0,6,34.414284200000004,-119.68727044999999,1
0P3MgBcGzj-LtQA3lQXghw,0,4,38.7908875833,-89.96263832690002,1
0QzRChUjM48JQarMb9t7ig,0,3,29.956999533333335,-90.06488193333333,1
0SW6-0e8NXaLPyMiUMWlgw,0,11,27.779624494500002,-82.75921424871818,1
0Tcj5uCoc6y1xRIw2sIUnQ,0,5,27.786383279539997,-82.64551008382,1
0W86OPpGSTzjo6nUuUNWQQ,0,8,40.2219230668,-75.65525381584999,1
0eAE3nci8RZRAjgg5mIEUQ,0,3,27.795438166666667,-82.79464273333333,1
0fW-YQvz2iC113CRl9xOrQ,0,11,39.66711824514545,-75.61218372565453,1
0juMoWXC7z4c7LgQP2s3sA,0,36,39.92870883538333,-75.00352285724722,1
0juMoWXC7z4c7LgQP2s3sA,2,6,40.363330373699995,-74.95048863606667,2
0juMoWXC7z4c7LgQP2s3sA,1,5,39.95278562,-75.15274974000002,3
0juMoWXC7z4c7LgQP2s3sA,3,3,36.16124610226667,-86.77492304869999,4
0lMv7mbe73ZqF3OvjrZkyQ,0,5,43.60873038932,-116.37848177944002,1
0oBj63QKATcyxa6PLAVgoA,0,5,40.127306259860006,-75.11686233968001,1
0oCP58mpEC2myGlDaRqqIw,0,3,43.614664487166664,-116.20037059053334,1
1-oaItKi4vz-z2dF7S2oNw,0,6,38.60623516206667,-90.2162508,1
10FMZoatpQvFO4_jXgVcdQ,0,13,39.51210574057693,-119.81452428042306,1
10Gvgz8QBwZmZigxPv6szw,0,7,39.626090833171425,-86.15070596465713,1
12icG6GeSG6qWnHspF0tHQ,0,51,39.82058482476863,-86.14926275269805,1
12icG6GeSG6qWnHspF0tHQ,1,4,39.95585071165,-86.025993475,2
13PmeqpB9nUZNBYngvMj2g,0,6,39.80989734523333,-75.0586701957,1
167omeb1w3nnsgG_XsNJYA,0,6,36.1596364929,-86.77708791003333,1
16c91F4TZSA_WjO4XmsBMg,0,32,39.76972840878125,-86.15225447404063,1
1OsvnngVv7faatPCykZcjA,0,5,39.70333539012,-75.67650926398,1
1PDpJNO1t-BsPZWM6zperQ,0,3,40.256584646966665,-74.79119659759999,1
1PEpIGgb2dJO120MEfPbIg,0,12,43.615862291058335,-116.21065937231667,1
1PEpIGgb2dJO120MEfPbIg,1,4,43.69309059425,-116.35337760885,2
1Xx0GXRCFEPMc8GWVR-WRA,0,3,39.48256133333334,-119.77895006666667,1
1ZLJs1J-eYuSL9V9cjClNA,0,5,29.955757246119997,-90.06736587948001,1
1_ereNz73hcAbYill07O4g,0,5,39.9540774462,-75.16658243742,1
1deDzlWUCW8JUhODGBbB5w,0,16,32.228425905406255,-110.9396714572375,1
1ip4bTJgXwbNBSVsyS3E8A,0,3,39.836140589033334,-75.10830449273334,1
1kCh5bef88kJuEROh_x0qg,0,7,29.933466396357144,-90.08454643897143,1
1pCMgUubbT55bEi2_xw0gQ,0,5,39.89203911636,-75.321998416,1
1s00HiDgj8kTyF4BWUAhRg,0,5,38.653370670499996,-90.32837071638,1
1s00HiDgj8kTyF4BWUAhRg,1,4,38.623474392275,-90.226411883475,2
1toLeDRKxW72eybEI_Lz2Q,0,7,36.14492910722857,-86.79449914285715,1
2-iZ3lifB5gGWcpP6EgCCw,0,4,38.638096169575,-90.27957223314999,1
2E2NzYDjIk7dL3TcOl1NxA,0,4,38.778508738575006,-90.50581008727501,1
2FY3ETpGCbFPOOHmCGSXig,0,6,39.73422920511667,-75.08578605173334,1
2Hdot8bpjmvtBLLZWXOPMQ,1,6,39.7553866104,-75.34856917703333,1
2Hdot8bpjmvtBLLZWXOPMQ,0,5,39.58713806596,-75.07310467686,2
2Ij6ZjcsarLIOWNfgmVKcw,0,12,39.9536139215,-75.172916356025,1
2JfNOO7Cv5eTVOTeIYKkaQ,0,9,34.42866676788889,-119.7331254982889,1
2LINyz4Yl7aFlkInyL0KvA,0,7,35.91264809572858,-86.87448461265714,1
2MZ7wSCTQtxEAYCvVueTag,0,9,39.94590866596667,-75.15010111884446,1
2YhDjr0PcilkN_dcp16R6Q,0,5,36.131722061560005,-86.79716044518,1
2a-J1TbyFZKcAJ1Ap5MUrw,0,6,39.960094467716665,-75.15684493598333,1
2a9uyq3zsX5RIxG_jtpM4Q,0,124,39.9478651359637,-75.16079439715483,1
2a9uyq3zsX5RIxG_jtpM4Q,1,10,39.936816418259994,-75.00303012332,2
2a9uyq3zsX5RIxG_jtpM4Q,2,7,40.0054947,-75.29118275985715,3
2db7UH7qOD35M__0wZKt4w,1,8,29.95545506125,-90.0630089220125,1
2db7UH7qOD35M__0wZKt4w,0,4,39.952237683549995,-75.16166585005,2
2i89rpEFc6_dqhdWmXtMaQ,1,6,28.117377732349997,-82.3868548469,1
2i89rpEFc6_dqhdWmXtMaQ,0,5,27.93756750546,-82.47660312144,2
2lEyb6TyMTaB8IFV62sCAA,0,4,39.953371825825,-75.167425753025,1
2nnCLoNSBITdQjXaBdLIdA,0,4,43.60228860975,-116.303976979325,1
2pIVRpHric00N2HCHmKV9w,0,5,39.9597914624,-75.60548586148,1
2tIN9jTDxEoF-gSRSnUkPw,0,7,29.94847076218571,-90.07321764658572,1
2wvdpjLgbY4RvOoDrJ1tEA,0,6,53.53762735,-113.5278589,1
30F5TB8825KDsfVrnQTKsw,0,3,27.77715733333333,-82.41261683333333,1
30F5TB8825KDsfVrnQTKsw,1,3,28.0615966583,-82.7086955757,2
328rVFXP8uJQjh8vy7HZ4Q,0,7,39.76830522857143,-86.15602906878571,1
32EIO-AvcxA5WBTVZWdW1A,0,5,39.96208941818001,-75.1465332664,1
32EIO-AvcxA5WBTVZWdW1A,1,4,39.9229098012,-75.02003190719999,2
3CSPAKNl9RqZm0I-ZN7IvQ,0,9,28.015669633444443,-82.13775592863334,1
3CSPAKNl9RqZm0I-ZN7IvQ,1,5,27.923494946060003,-82.2991452103,2
3Cj25SsNE1ZuaWX75Xr4rA,0,5,29.95610069406,-90.0670895397,1
3DWDH5MJbfS1g_MXmNbf4w,0,5,27.90686424786,-82.31617848714001,1
3JcNV0lGNwk4eQzVT1rF8Q,0,7,39.949836825657144,-75.15685556777143,1
3MjgnP15DVSFer9SFI3Bkw,0,6,39.94177040176667,-75.05293647638332,1
3RqYAJfEJDxIpX3xjnCmLw,0,78,39.94946121533077,-75.16681471181538,1
3RqYAJfEJDxIpX3xjnCmLw,1,4,27.94517475,-82.45819265,2
3RqYAJfEJDxIpX3xjnCmLw,2,4,36.16437702725,-86.78213550877501,3
3Z04sdgq22PYtrNswSfz6g,1,7,27.93674346502857,-82.49455669432858,1
3Z04sdgq22PYtrNswSfz6g,0,4,28.1862575598,-82.349623023975,2
3aDmSX1qvq49rqcJQlywnw,0,22,40.058641625081826,-75.40160270769545,1
3bIbqh4KqGx4fRaccLjThA,0,22,39.53030867458636,-119.79110505841818,1
3edsm9Faeg3JoPVC7AJ0HA,0,22,27.773703549936364,-82.6447181806591,1
3fEC7SxwGoUH4yWny_x4og,0,7,34.42568757117143,-119.85122934404286,1
3jLOQJHkRk-qQARirCByYQ,0,5,28.15150372,-82.7593945692,1
3jLOQJHkRk-qQARirCByYQ,1,5,27.774339520160005,-82.6616735825,2
3lx4zwjar1Tsdvd4HCo4jg,0,9,39.74673368403333,-75.09692702695554,1
3uNaBdaSDghV4mWN1WWWCw,0,27,38.617621814792585,-90.28654574067777,1
3yTBmOgMBYNmFXe1PNSssw,0,5,39.68647706,-75.67005678,1
3yTBmOgMBYNmFXe1PNSssw,1,4,39.7331271807,-75.6342830965,2
41MkK8zdg__ryOQnzzuSlw,0,3,38.65322283333333,-90.34051146666667,1
4LEgzB8iCt-ELL8RkOyxVg,0,4,40.3192655,-75.130184325,1
4LEgzB8iCt-ELL8RkOyxVg,2,4,39.947864775,-75.157336825,2
4LEgzB8iCt-ELL8RkOyxVg,1,3,40.347321999466665,-75.03093743533334,3
4MUAGuqUKJtHPn1rOoXdtg,0,8,40.0622029605625,-75.666898733075,1
4OcTMOPBwY-IET2Qi6e9GA,0,11,29.94397369913636,-90.09276485432727,1
4QnCNzp1jpMPaS0AnjYBLg,0,10,38.6374055892,-90.24642736305,1
4TWxEoflOQB-0BIxD_PsYw,0,4,29.947708719525,-90.07214685404999,1
4UwB9p2W1JV2wrkXPWXwwQ,0,7,39.95558056551429,-75.15645349465716,1
4XAigL1jG_J1ZwC9Hu6ZQg,0,18,38.586317621638884,-89.94842291311667,1
4XAigL1jG_J1ZwC9Hu6ZQg,1,3,38.514239266666664,-89.95950106666665,2
4YHpWfw2_0mFuEset7pLfA,1,7,35.98056748377143,-86.54704957142857,1
4YHpWfw2_0mFuEset7pLfA,0,3,39.9143188143,-86.10759244396667,2
4kLNVonQ7k4bAwtL4leRbw,0,8,29.9547289702,-90.0700513218125,1
4ncqeCTfDWRd-8SUVcDvSg,0,4,36.192572428525,-86.51785131075,1
4tvekNNUXGGbStdhwJOM_A,0,9,39.61322077351112,-86.1568694288889,1
4tvekNNUXGGbStdhwJOM_A,1,3,39.66465172373333,-86.19830716666667,2
4urNhVtE0u0Eq9djxQqOMA,0,3,43.6180185631,-116.20398555596667,1
4v9Wc4MX0A6HHGfkghbhZg,0,45,38.71026261285556,-90.4024389245711,1
4x2YP5HRi4z1mSI29YC_Ug,0,5,38.76941914794,-90.50201841544,1
4yhFQ41Ju_QrEEyR-bnAZA,0,5,29.956053799799996,-90.06768158966001,1
505f6LjP1Y_ofO29BuIn0A,0,3,40.013719566666666,-75.30354416666667,1
50rxO0T8Z_5azw-V3dJLpg,0,7,29.966794849614285,-90.09035683064285,1
51Mzh0f6vH0-ZiXj9jFVhw,0,5,39.70770367680001,-75.10241298707999,1
51Mzh0f6vH0-ZiXj9jFVhw,1,3,39.9444576159,-75.15312838163334,2
53-0CIUo-pd5ysfvHXb2yQ,0,5,34.420006279039995,-119.69906234932,1
56QSLA3M13Xk1YQ0pXa5tg,0,64,39.52063436285937,-119.80230247623126,1
57isKa2QYAhBmSw0phrRDg,0,3,36.307044033333334,-86.70048933333334,1
5CHSYIv5X8ybaA0LndWaEQ,0,5,36.17398826,-86.76172892,1
5DL6Gx3zdZb8YXtlpFhmkw,0,8,27.76496184515,-82.6497748598875,1
5FYEtbk8dSSp63LA7fu1Lw,0,3,39.9436931219,-75.16699524743335,1
5Fjs7GKqFu1Feg6-RufCuA,0,43,39.94237453801163,-75.16011092543954,1
5Fjs7GKqFu1Feg6-RufCuA,1,3,40.0256755572,-75.0605506599,2
5Fwg3IQNXb_VRwC6revvpg,0,5,27.983002040000002,-82.7199902,1
5Fwg3IQNXb_VRwC6revvpg,1,5,28.03822598,-82.66363328,2
5G6P9ctMoLtkOe9jRTSONw,0,5,39.935659357,-75.15670909048,1
5K0fBWj5bek3vGU3Svf61Q,0,5,29.95592713752,-90.06673866684,1
5ORHA1uWD3GxWq5DlEZU7g,0,5,29.94178609424,-90.09984377020001,1
5P62O12MbDoeyIID4Kyrng,1,4,29.9548275575,-90.06549081275,1
5P62O12MbDoeyIID4Kyrng,0,3,36.1530222,-86.78552303333333,2
5Sa5eBLh--gQ740BUPETtA,0,5,29.955462360000002,-90.06860386000001,1
5VRu5uB7ORo0mUYKpGYz2w,0,5,40.03188626982,-75.67834897590001,1
5_Lyyx0QxzBWes-rWX2qWw,0,18,27.794670250844444,-82.66467999502223,1
5_Lyyx0QxzBWes-rWX2qWw,1,4,27.737025324999998,-82.74811422500001,2
5_Lyyx0QxzBWes-rWX2qWw,2,3,27.8018589,-82.80229179999999,3
5fyBgjLIT-Tt6rXIb9QllQ,0,3,27.9367364956,-82.4910726313,1
5pz-aXTubStlIgjp28Rdaw,0,5,39.9448861322,-75.15680997394,1
5uhZbK8Fu_VD71zzwtVQ_Q,0,11,29.957354682654543,-90.06743648835455,1
5uthbpu4AkVeFfNBIPBjZA,0,4,38.6324569493,-90.20248229307501,1
5yZr0ZOYqPykAXWTNHS4Sw,0,64,39.83522862037188,-86.1379567716422,1
5yZr0ZOYqPykAXWTNHS4Sw,1,41,39.913823699578046,-86.24808420387073,2
5yZr0ZOYqPykAXWTNHS4Sw,2,3,39.96567439406667,-86.1573855474,3
65ImPKzTM8FDDLEScDjVFw,0,5,39.95299774,-75.16911716,1
68963__E9ipbuaEKjEkfRQ,0,5,32.3495372459,-111.07707444282,1
6C8Ne6yRu6TzBLbhfhdduw,0,135,39.95192087176148,-75.16449196359184,1
6DZZO3lH_u6riY9PxAmF7g,0,4,40.168259112475,-75.052694649,1
6I5oZmEkXEzJiVGyrqecTw,0,3,27.804127933333334,-82.74983236666667,1
6Nbc29KSLuses46gGiQmNw,0,6,27.889071696000002,-82.33078014273333,1
6OfZD5jh5VdKu0iesOiggA,0,16,39.806272151787496,-86.27547560674375,1
6OfZD5jh5VdKu0iesOiggA,2,10,39.93143010124,-86.19206996634,2
6OfZD5jh5VdKu0iesOiggA,1,7,39.77147433031429,-86.15482730769999,3
6OfZD5jh5VdKu0iesOiggA,3,3,39.86964447576666,-86.13873669746665,4
6Tbarl0uObmmhRpTagSHeA,0,6,43.61282312305,-116.21189865654999,1
6ULWXgDTwp-d91927AcnbQ,0,7,39.94568558571429,-75.16128492857145,1
6VEL7i246NsaHu4T_1WTvA,0,7,39.74557843648571,-75.56712162519999,1
6VEL7i246NsaHu4T_1WTvA,1,3,39.8392661136,-75.53666430060001,2
6WxhaJVulNUUsNZJ7waaGw,0,37,39.97364577805135,-75.20466920556215,1
6WxhaJVulNUUsNZJ7waaGw,1,4,40.011445525,-75.22172315,2
6eCRJd8XL94hVBZyOS5Cgg,0,3,27.77771376666667,-82.6465316,1
6fLYq0zPb46LTl4i5R6QdQ,0,7,39.95289792931429,-75.17509910552857,1
6icu2w2Llljakm5CrOYoVg,0,14,39.95402226627857,-75.16103738513571,1
6icu2w2Llljakm5CrOYoVg,1,3,39.92121618043333,-74.98259254083332,2
6mFXqES400I4b4tpEuCSwg,0,37,32.27073279751892,-110.88911297296757,1
6pIs1ACiUCAMN5QlV-hhjQ,0,3,28.0027499617,-82.8021137106,1
6q-QDrPQSjbE3qpWazjphg,0,9,27.698676788888886,-82.73354123333334,1
7-yZhJfvsUC7ru2H6h965Q,0,3,27.9808026617,-82.8267961106,1
73xRtTbE-vw07Nufyp5twg,0,8,36.153622698825004,-86.77790980969999,1
79xmVhmZTwEfkKd2K9cBcA,0,4,32.229668677975,-110.953296984875,1
7D8Nkcb6ujJCGIBkQ93Nhw,0,4,38.629546169175,-90.19295356605,1
7D8Nkcb6ujJCGIBkQ93Nhw,1,3,29.9553786102,-90.06175859913333,2
7Eq71a1cwHZ-T-k9pusdlw,0,17,39.94644862818235,-75.16920414841177,1
7J-yjbrIkrtsEh1J41a6dA,0,23,29.971067989243476,-90.10471754694781,1
7PX0tBKF2SEXZL8nfkoz6A,0,3,40.12413746666667,-75.03109463333332,1
7PX0tBKF2SEXZL8nfkoz6A,1,3,39.9572448354,-75.15455769936666,2
7PZ3zf7imfiqU-Dyau5JOA,0,18,29.941204386027778,-90.08378209395556,1
7PZ3zf7imfiqU-Dyau5JOA,1,4,30.006189475,-90.16452785,2
7YXyZp00JU_PjSyLCDpITg,0,3,38.676514612733335,-90.46229486266667,1
7_bkOv2-rqxI_IxoxO7fcw,0,5,27.94913668416,-82.46373198978002,1
7a5xVAMhxn9StliGtvyVXw,1,7,39.951772743971425,-75.16152951474285,1
7a5xVAMhxn9StliGtvyVXw,0,5,40.25249967463999,-75.30695838644002,2
7dG76pMZyJ_450sDpomwQg,1,9,39.93748848126667,-75.3891088619111,1
7dG76pMZyJ_450sDpomwQg,0,6,39.87221935861667,-75.5907995948,2
7dG76pMZyJ_450sDpomwQg,2,3,39.96137468406667,-75.61470719886665,3
7ihniF9YdlXsObIYPHZ9Zg,0,5,29.951241617479997,-90.07912824616,1
7lQr595yf07nYmgQ-DChgA,0,9,53.520610881555555,-113.50446139317778,1
7uOr2_NMoIUJDzTgicmbLw,0,4,34.426474075,-119.71198257500001,1
7yA1eM8IyKFa8zJxQfUFng,0,9,39.94367730602222,-75.1689204024889,1
7yA1eM8IyKFa8zJxQfUFng,4,8,29.9569982025125,-90.07073980832499,2
7yA1eM8IyKFa8zJxQfUFng,6,6,39.67854512118333,-75.67593986406666,3
7yA1eM8IyKFa8zJxQfUFng,3,5,40.09299524168,-75.37800504565999,4
7yA1eM8IyKFa8zJxQfUFng,1,4,39.6564807881,-75.5248494,5
7yA1eM8IyKFa8zJxQfUFng,2,4,39.707316326275,-75.602843717475,6
7yA1eM8IyKFa8zJxQfUFng,5,4,39.818845311800004,-75.4503378726,7
7yA1eM8IyKFa8zJxQfUFng,9,4,40.0674979951,-75.5360507394,8
7yA1eM8IyKFa8zJxQfUFng,7,3,40.16731718,-75.0459606,9
7yA1eM8IyKFa8zJxQfUFng,8,3,39.9052195996,-74.96599037543332,10
83kydCNDNi5cQuh3ILLVvg,0,23,28.041500252082603,-82.44203193156959,1
83kydCNDNi5cQuh3ILLVvg,1,7,27.939399021899998,-82.46654066025714,2
86UlfAuehJBlAm06GXzBFA,0,7,27.948465106257142,-82.45436775969999,1
86fipBwL3HjJd7c_UhtpNA,0,7,27.94841429957143,-82.28821371747144,1
87X_fbfge3a00aD-fJwgbA,0,4,30.004215170849996,-90.15790841744999,1
8GYPLFRdSl317EgD6Ox8Pw,0,18,29.95060178605,-90.07377638267776,1
8RRUjWq_JCojHHAHmwXpdw,0,18,27.920222311800003,-82.80065396114443,1
8RgVFXrRnyy6DVBe0SVCTw,0,6,39.91035431666666,-86.05242038333334,1
8Rsk_QxsheU01ali2ar0rg,1,5,36.02316944532,-86.70423859683999,1
8Rsk_QxsheU01ali2ar0rg,0,3,36.03410598996667,-86.78424240969998,2
8S8Vn_P5wQgC3LMDI7_uZA,0,5,29.940922426319997,-90.09167062846001,1
8WFVPJHCpaEQe9SeG8B7jg,0,5,36.04695932,-86.6913932,1
8atyZ5ZHLuN7dQoWqFfQeg,0,9,28.026336403066665,-82.46002100586665,1
8i44YNsLcG4QB_vYbOCdvw,0,37,39.48938130448919,-119.82011688750272,1
8i44YNsLcG4QB_vYbOCdvw,1,3,39.534360666666664,-119.72562733333332,2
8mjvoi3-CIuGGpFvIElj5g,0,3,40.01172473333333,-75.28361530000001,1
8oW8AgoDwIO8zObOD9IacQ,0,5,39.94895402806,-75.16864109024,1
8pD-h427Y_aDcPxhDR7z8g,0,162,36.14239999521667,-86.79778824260187,1
8qE3WisgXGm1nXxIBbM1Sg,0,7,39.88622096727143,-74.91953547347143,1
8sN5xAOSfcqvO-If6nF7Hg,0,6,40.34499472858333,-75.31675887530001,1
8sN5xAOSfcqvO-If6nF7Hg,1,3,40.31046253333333,-75.13014126666667,2
8xNsJ8Amji8xhaQ-3ABZ-w,0,10,39.91086828478,-86.10245550254999,1
8xNsJ8Amji8xhaQ-3ABZ-w,1,8,39.9152159486625,-86.224791808375,2
90LhNTiAW-yZ-02ks5QLIw,0,11,27.9076214031,-82.74031073326363,1
96YkaD7jVs4sXXoSytxogQ,0,6,29.9551428475,-90.06738067976669,1
9C2ztWzDKBkN1o1qtT77Tg,0,4,40.000938425,-75.291488225,1
9DiJLroN8jf1j5nxgWiBVw,0,3,40.02244353173333,-75.206146095,1
9FGFghIFROXJC6fpORsJaA,0,5,40.06020155462,-75.67105646524,1
9ME52ggZxDojxENEgQTFoQ,0,6,39.95208511721666,-75.16907126868334,1
9SyeNq0ln5WvBAiawzItCQ,0,8,34.398150126675006,-119.52005856374998,1
9SyeNq0ln5WvBAiawzItCQ,1,6,34.413004807933326,-119.70160131030002,2
9Tjl8JIBdRljx2qoNVOkkA,0,7,40.137436832685715,-75.44891818081429,1
9Tjl8JIBdRljx2qoNVOkkA,1,4,40.246728171475,-75.628854643675,2
9Tjl8JIBdRljx2qoNVOkkA,3,4,40.318259999999995,-75.60162174999999,3
9Tjl8JIBdRljx2qoNVOkkA,2,3,39.94782476753333,-75.1618823614,4
9UTJNIyd-W9u6X_XzY_EnQ,0,7,39.920085479128566,-86.09191747844284,1
9eqmrvVdTqIAtVnP4uErag,0,8,32.233486151799994,-110.95955503364999,1
9eqmrvVdTqIAtVnP4uErag,1,6,39.95130328833333,-75.16425011558333,2
9eqmrvVdTqIAtVnP4uErag,2,3,32.3187125,-110.91732133333335,3
9f5NZKt5ca05plBaJK8dbw,0,6,39.970666400000006,-75.13661691666665,1
9lmop9S70gBd8-xMeokSsQ,0,4,36.151096675,-86.793380475,1
9q8qKP-k3eDS1b19ozh_dg,0,28,39.93759336620714,-75.16652432501785,1
9rQ-1w3XcC4iPLZhdFpEoQ,0,15,29.941138863533336,-90.08302007262667,1
9uQZSsw1fxAW7sfa-uCNQA,0,5,36.130167140000005,-86.78435152,1
9ukBi_EHvEYMKfKJaXsCCQ,0,4,29.95582441775,-90.067676510975,1
A-Q8B87FqO4Ym6PW4w-a4w,0,3,39.528367165266665,-119.81428333366667,1
A7CIyRrCic7392kihfO9cw,0,25,27.754821222944003,-82.71493810194401,1
A7CIyRrCic7392kihfO9cw,1,3,27.820594233333335,-82.76451866666666,2
A7CIyRrCic7392kihfO9cw,2,3,27.976994572533332,-82.5451806096,3
A9tUlN3vJBxIIKSUAgIPAg,0,4,27.838614047599997,-82.70073871897499,1
A9tUlN3vJBxIIKSUAgIPAg,1,3,27.885348613466665,-82.82441281526665,2
APTXbNi0z1rndLT4RrZlPQ,0,4,36.162271358875,-86.76259249924999,1
AULMnhV2lvHeX1SyuwYpIg,0,8,39.7536849933625,-75.5938186959,1
AVHpzzL5nWK9DNj0iNhMuQ,0,8,39.771525307,-86.15136195365,1
AWl03RK1j1vCEtp9hZ1kGw,0,10,39.94315503076,-75.15829289505999,1
AbANvs8XMAynUaMX-yRwmA,0,23,32.25233676714348,-110.92373813043477,1
AbKQK0qWh0yS4zcKD63CJA,0,3,29.9718184589,-90.0770557931,1
AfccxjKm5bXDkMJmR4U_jw,0,5,29.95515859748,-90.06579578616001,1
AhWH6vJxwW_2X7px923s4A,0,4,34.435661775,-119.80929242500001,1
AnklF9Yl3-_WtnE3UVKhug,0,5,29.95302861956,-90.06579354,1
Anx6fA6jHXmLS7oaUFXJcw,0,133,32.23861960670676,-110.94397317410676,1
ApLNfKAZaoHra68RDqNc5A,0,3,27.94718814283333,-82.45814650486666,1
ApU6JH060NFwj-vWtYSnng,0,12,39.645821313199995,-86.111866362125,1
ApU6JH060NFwj-vWtYSnng,1,4,39.718682057849996,-86.14686776377499,2
AqMTCZQhrNE5wp8FfMdF4Q,0,4,39.9488107,-75.166349925,1
Ar0bSCVCwm2m7zknSqoJ7g,0,6,38.62585533521666,-90.19058710483334,1
B-zYhfJXIeorX7Au0szmuw,0,9,38.619453317688894,-90.26290674902222,1
B0WllkuBSbKiEQdba7oDqw,0,43,39.84873969035581,-86.12417828169767,1
B0WllkuBSbKiEQdba7oDqw,1,5,39.92026285208,-86.25388941952,2
B1Sd6x9y1pd4PWAGrHo3xw,1,5,27.95148616,-82.46701554,1
B1Sd6x9y1pd4PWAGrHo3xw,0,3,36.13260596666667,-86.77795573333333,2
B4JCtIWy5F_HdpOiWmoehQ,0,4,39.832109702375,-75.151660885125,1
B9XQV2_H31eGXc2u84DBrQ,0,6,29.94163567315,-90.08822968085,1
BCe4G7hipGralBrxP3zohg,0,3,36.147639726899996,-86.78191093790001,1
BF--mvZ0nX6EixyAn45MgQ,0,3,40.0313199127,-75.6289411073,1
BH0oRNG_gQ2_uHkNXu1BHw,0,11,40.04841143046363,-75.17261936804545,1
BHmMszxIdaIEYQ71m4UXwg,1,5,39.9527874564,-75.15316672,1
BHmMszxIdaIEYQ71m4UXwg,0,4,39.723943227525,-75.632876501525,2
BHmMszxIdaIEYQ71m4UXwg,2,3,40.04160866666667,-75.05805846666668,3
BJ3CCvFv9l8eNH_cun2C_g,0,4,29.956978600000003,-90.06563095,1
BJb7tRkFKouMM5dasjXghg,0,11,39.95057317528182,-75.15297758676364,1
BRk2yc1ax9NVPhBzhWGKJg,0,24,38.6422862242375,-90.2906286202,1
BT7wW9cag2NruuBjXSPa4g,0,3,39.94093870053334,-75.1661668172,1
B_6HlbxJIXCH1EpzTmKUEQ,0,7,34.419361150957144,-119.69824974515716,1
BfrmjP8vcYzE1NM_1iydUw,0,7,29.956267513300002,-90.06612797607143,1
BgZazgMoKPIb3aefyPH7nA,0,26,27.77911965971924,-82.64088168506922,1
BifKXqBKDtUG1FcFo3YmXg,0,5,28.048239845800005,-82.742547571,1
Bk3FIBR8ujP97RNT2E856g,2,7,39.73704024062857,-75.57717622177142,1
Bk3FIBR8ujP97RNT2E856g,0,6,39.93178013333333,-75.17473463333334,2
Bk3FIBR8ujP97RNT2E856g,1,3,39.86078854676666,-75.43596135793332,3
Bt-R-1JFFJ16kW8mpmIkYQ,0,8,39.7705658875,-86.0658583125,1
BundOhhU66aDA5evpfxFhQ,0,5,38.618927799439994,-90.22374447446,1
BundOhhU66aDA5evpfxFhQ,1,3,38.65126678353334,-90.3375331565,2
BwrccHlkp3xbIEZRIaAd-Q,0,90,53.58269328906332,-113.56717831846,1
C0s8a1uSN31DvZRSUQxPnQ,0,3,38.79607196963333,-90.3510661276,1
C0vmWVLf7Kk202ltEZxnTQ,0,7,34.41521461135714,-119.85792594479999,1
C0vmWVLf7Kk202ltEZxnTQ,1,3,34.418988184999996,-119.698933777,2
C2aiyN4gcEPNfPm94ZoK-A,1,10,40.02213602214,-75.21616887585,1
C2aiyN4gcEPNfPm94ZoK-A,0,6,39.94931404408333,-75.15736558623333,2
CCNhUBv0Br_V_4GYIzP1-g,1,9,29.95863118606667,-90.06716320573334,1
CCNhUBv0Br_V_4GYIzP1-g,0,5,36.164783481360004,-86.77097870922,2
CHeMEder5ijEoCPLWjto_Q,0,262,39.916442582279004,-75.28677868630459,1
CHeMEder5ijEoCPLWjto_Q,3,12,39.88237899355,-75.53822832518333,2
CHeMEder5ijEoCPLWjto_Q,2,9,40.0965371573,-75.3742767479,3
CHeMEder5ijEoCPLWjto_Q,1,6,39.74739157663333,-75.56818199758334,4
CHeMEder5ijEoCPLWjto_Q,5,5,40.09118816,-75.29055819999999,5
CHeMEder5ijEoCPLWjto_Q,4,4,39.8493962,-75.704852125,6
CHeMEder5ijEoCPLWjto_Q,6,3,39.96087046666667,-75.6036785,7
CJzZr2i7eczlt1ZzUTIfyA,1,4,28.037523944225,-82.46185027525001,1
CJzZr2i7eczlt1ZzUTIfyA,0,3,27.937133833333334,-82.5053467,2
CQDg6a4wDgkqRUJZSzXc-w,0,71,38.59077565929296,-90.30140402236056,1
CQDg6a4wDgkqRUJZSzXc-w,1,11,38.779631385818185,-90.51391818883636,2
CTl0VeGdRuYC-SQjL6dyFA,0,10,39.95048597102,-75.16951579294,1
CTl0VeGdRuYC-SQjL6dyFA,1,5,38.616601938740004,-90.52567221974002,2
CVykZEJt9f3r-N4rwDSOUA,0,5,39.93944033068,-75.16219305,1
CX90wCFjtd5XrOcDbq2LXQ,0,7,39.43828733544286,-119.76920695764285,1
Ccddp-vnQJdTfJXYm0VfTg,0,8,36.1352381511375,-86.834157433075,1
Ci0BwfDoR5pssc9qFbBXtg,0,11,39.94822001818182,-75.16989032727271,1
Cs72RRoeaDYlzTI559baAw,0,18,36.15287683382222,-86.80314825392223,1
Cy-9C0jchr2994TYuPB-CA,0,9,39.94685290847778,-75.16306669535555,1
CzOzhuZq5_-JSx7TtlPxEw,0,4,28.006446491200002,-82.78906216625,1
D03upeuF2ujZrkOGvG9S9g,0,7,29.95117073278572,-90.06695853654286,1
D03upeuF2ujZrkOGvG9S9g,2,6,27.779231791866664,-82.64037992685,2
D03upeuF2ujZrkOGvG9S9g,1,4,27.9558742,-82.491545,3
D2WBLgdkgS69phazNyk8fA,0,9,39.944100691133336,-75.1596109659,1
D2WBLgdkgS69phazNyk8fA,1,3,29.957657343133334,-90.0643131896,2
D2zUnoQddNriv7meYdh-og,0,5,40.12719798738,-74.96348202944,1
D7-KBgqB4ax7JeJMWOh2eA,0,3,39.9007715468,-75.07609465029999,1
D89P0L7HeYUAEfm88rpWgw,0,3,39.77834976666666,-86.14869083333333,1
DEFtEdqzIjufKlKlBcUXjA,0,3,43.60902633333333,-116.28804353333334,1
DEpRiOoisiQ7C48rUMpo1Q,0,8,29.95799855,-90.06681687525,1
DG09bmwC9KbIhhLrNVyNpQ,0,5,39.9525183891,-75.165287843,1
DHDcrxaZB9xtQluAbsm4kA,0,3,35.946079239166664,-86.82443153729999,1
DKflxq0TIfcytOy4NHfzSQ,0,36,32.23665264675555,-110.87876892233334,1
DNPcxmIPik7BjJCfhAjmHA,0,4,53.63805504495001,-113.6226172417,1
DOj9NanlJP3xntULCy5Uow,0,4,36.15190545,-86.78349084999999,1
DQqKnv4_x0VKu8AGXL3fRg,0,6,39.94551038333333,-75.08586935,1
D_k5FMYuU-iM6TM9UHm2gw,0,5,36.14180200481999,-86.7698660039,1
DddhEBGHlvCkI1pZIeQ26A,0,10,27.91743652527,-82.29526316873,1
DmfT2HBhi7iJS2zjuP7LHw,0,19,40.06412067748421,-75.21574893159999,1
DmfT2HBhi7iJS2zjuP7LHw,1,16,39.95207017226875,-75.16435929036248,2
DpICLS_YULIDrrSx-9y7mw,0,7,34.43152065851429,-119.72411017838571,1
DpQkAl1T7LjnrD8Yp1xqKQ,0,5,29.95263036006,-90.06979185883999,1
Dup9bRkbtiUeEZJn8sV3Qw,0,6,27.942961466666663,-82.47893932546667,1
DvV1vSqSDfM1xq7ZlsD7LA,0,5,32.22999148226,-110.86952895184,1
E4l9V_HIS30m683r7t1tsQ,0,5,35.91932968,-86.87708212,1
E83utrUHDcRz4fkM1RcnAA,0,5,34.416190074679996,-119.69187283637999,1
EJCdAp5V6nY1neXDBxIWIg,0,4,43.60727417045,-116.22918732475,1
EL7M7hkYHEbXrYICz2jrjg,0,4,28.039881759125002,-82.758086908075,1
ELAfGVuGSdF_F5ZAjScmuQ,0,26,39.791820965234606,-86.149419228,1
ELAfGVuGSdF_F5ZAjScmuQ,1,3,39.885843053133335,-86.083381875,2
ENBMZXX3ndtfJouRwQfK2Q,0,3,27.9536732859,-82.51072134443334,1
ETTgsiuBjUH5ZrpopQdJog,0,3,39.962843890533335,-75.1754413585,1
EWBOMeX_OIcAWXuvs_4SKw,1,7,39.746907241600006,-75.55870672132858,1
EWBOMeX_OIcAWXuvs_4SKw,0,5,39.956194605120004,-75.15010159026001,2
EX8IBK47hkhn5vmUK9Zapg,0,7,27.912751446214283,-82.49969020407143,1
EcALn2zLCFa5CcLJU41FiA,0,4,39.9468031925,-75.14979694007499,1
EcALn2zLCFa5CcLJU41FiA,1,4,27.99679497005,-82.708162622225,2
Ed7bYTRKq9zxhqe4x8zyUg,0,5,27.92335594,-82.77372360000001,1
EeI4yjrvQi_H_q-5CXjUfg,0,4,39.945818134375,-75.1553366178,1
EeI4yjrvQi_H_q-5CXjUfg,1,3,29.953625363333334,-90.06657366,2
EjLbQQiz093KnubKfIvINQ,0,5,29.95043613012,-90.06757284884,1
El1B-LD3p_TxuKr61FA7dQ,0,14,39.960703285200005,-75.14789399017857,1
ElMFfuOLtIMioFu5cNvLzA,0,28,38.638398995574995,-90.26065901415713,1
EmFmu3jzYIhbRf-Pn4MSCg,0,29,32.339762247189654,-110.95231957498619,1
Eo8lE6YTCdepIe6jFBLY8g,0,6,40.07178758853333,-75.40130025456666,1
Eo8lE6YTCdepIe6jFBLY8g,1,3,39.948305256433336,-75.14946661406667,2
Eqxq2AfFjnut6DwnSmoFtw,0,7,29.9550427253,-90.06657511121429,1
F4hYr8e1tsHChae80QP_Zw,0,11,40.09480377376364,-75.03165773309091,1
F5dcvW1xry-LFoVLTYwPxQ,0,3,34.3983626,-119.5178267,1
FBd1Qjnnc1Loh7ZY7FD9Zg,0,6,36.16879218303333,-86.78377386196667,1
FOX1YV6UwT1UmHLaKEpQEA,0,3,29.954765910000003,-90.069587317,1
FRuY-52dJKwYWj-hFcQX4g,0,3,38.611233899999995,-90.20705559999999,1
FS1Ixg7ze8Pa0zlriLg4Zg,0,3,39.91551713123334,-75.15608892473334,1
FSfuXJ1dkdjCWTsGlxzx2g,0,6,29.945251892966667,-90.07116640286667,1
FT2nyZmkjf94bgO3coTARg,0,5,40.178204199999996,-74.89272584,1
F_yjAG4_dEZYmBHhXXG0uA,0,43,39.95156513571628,-75.1752228027814,1
FbCoRdahscG4l0TWZj5LJA,0,4,40.076640999999995,-75.20709765,1
FbCoRdahscG4l0TWZj5LJA,1,3,40.1528430067,-75.2215615312,2
FdhuaYcS8_I6FdzPkKTMew,0,7,39.50196619388572,-119.80778809132858,1
Fql77crTCq3pbi7V2TJ9LQ,0,3,29.951670733333334,-90.06832203333333,1
FucouhMnBxEPEQKbmbYcmA,0,3,32.24417300773334,-110.87678425829999,1
FucouhMnBxEPEQKbmbYcmA,1,3,32.2318107524,-110.95762640026665,2
G4ovPNki9yAobQThfAvoTA,0,33,27.97149134582727,-82.82273122671516,1
G67I2On7PW2bmE_UyfwVDw,0,4,39.9689323731,-75.14430817295,1
GCdOzuuc1MeGC5gzSHi4vA,0,4,43.600322318725006,-116.355674309525,1
GCdOzuuc1MeGC5gzSHi4vA,1,4,43.590502325,-116.279682725,2
GG7Xg-09i2RCSily3JYHtQ,0,3,27.7731106,-82.65941773333333,1
GSoAWg_SyBXMn5eELtupWw,0,3,39.9509311,-75.1652,1
GSpUCEHmBQwTd9vhEge_Bg,1,11,39.49556945084545,-119.80579959481817,1
GSpUCEHmBQwTd9vhEge_Bg,0,4,39.55378325295,-119.7402897504,2
GVLEgFHGNvAZnuduu25jlQ,0,10,36.15460937982,-86.78522021238,1
GX8AfUVxkx7aqFg6yoivKw,0,8,39.824186212499995,-75.17306065,1
GXY930qYEG_hzGGtv7fBtw,0,13,39.50861375685384,-119.83564862939231,1
GXY930qYEG_hzGGtv7fBtw,1,4,43.61786759155,-116.206490428875,2
GfWBVsi2Yk6NUR6a-gSWvw,0,6,36.156571560383334,-86.77368717095,1
Gj3v5FgAhYtFh2qmcB-w5g,0,8,29.946610900962497,-90.06800446881249,1
Gl-xjDw1Y_BgtuXWwI5P8w,1,13,38.77040818918462,-90.50049841588462,1
Gl-xjDw1Y_BgtuXWwI5P8w,2,9,38.57674837945555,-90.37839019181112,2
Gl-xjDw1Y_BgtuXWwI5P8w,0,3,38.6011000127,-90.26542709656667,3
Gl-xjDw1Y_BgtuXWwI5P8w,3,3,36.158765290666665,-86.77631516870001,4
Gl-xjDw1Y_BgtuXWwI5P8w,4,3,38.623989566666665,-90.19186526666665,5
GtdVcWtrKnrlWi35MqYKgA,0,20,39.87204967569001,-75.40140514320001,1
GxMPUSDqI0T6BxSsmplxNQ,1,5,35.94345108742,-86.83463388204,1
GxMPUSDqI0T6BxSsmplxNQ,0,3,36.1350754066,-86.80390137073334,2
Gxa4qz0f_m7b6nRKbqNGkw,0,4,29.9630911,-90.0725103,1
Gza5FyPBK631DujKWMkdnA,0,8,40.13735103715,-75.53033475059999,1
GzzX7EpmTGqik_UThrt8ug,0,4,27.7804987406,-82.64059498512499,1
GzzX7EpmTGqik_UThrt8ug,1,3,27.970771760133335,-82.45668036623333,2
H0N7D8PvP2_9uFrimAgZeg,0,50,39.955031933512004,-75.238220433052,1
H0N7D8PvP2_9uFrimAgZeg,1,5,39.79308268546,-75.54765227906,2
H0N7D8PvP2_9uFrimAgZeg,2,3,39.88320193799999,-75.54103608700001,3
H0NdZhG5kivhXmLPRph3mw,1,4,40.353967792325,-74.946416072225,1
H0NdZhG5kivhXmLPRph3mw,0,3,40.24251466956667,-74.93197200206667,2
H0Om3LVYKDnLahkix7AlsA,0,26,32.213647312046156,-110.9315228134192,1
H2WhI7u2Zc-ozPnKBvhWwQ,0,6,39.5127678821,-119.80276091303334,1
H2WhI7u2Zc-ozPnKBvhWwQ,1,6,29.952886016666668,-90.07250196666666,2
HDuJS7S8TMVmRRlVnTMgUQ,2,5,27.732627020000002,-82.74657567999999,1
HDuJS7S8TMVmRRlVnTMgUQ,0,4,27.9592448677,-82.481791835125,2
HDuJS7S8TMVmRRlVnTMgUQ,1,3,27.961241280933333,-82.73725777826667,3
HG4VCWcap2tn38zIQn0dkg,0,3,27.861623233333333,-82.63728633333334,1
HKOuVBpoZd0JrNkMkad2eA,0,5,39.612788110400004,-86.16550116898,1
HL9WXhizVfzWAE4QgQefxQ,0,51,38.63605674245294,-90.27290091961764,1
HNCyXmHdbQxi7TM74lDrew,3,9,40.019726330522225,-75.31943672617778,1
HNCyXmHdbQxi7TM74lDrew,0,7,39.95953373591429,-75.55852833901429,2
HNCyXmHdbQxi7TM74lDrew,1,5,40.04172238104,-75.54766513282001,3
HNCyXmHdbQxi7TM74lDrew,2,5,39.91641496936,-75.37203836660001,4
HNwwKpPUiFf8EUnYrP0xsQ,0,30,39.950238887846666,-75.17072440930333,1
HTLso7W2jX_fTZ7NCXJGtg,0,17,39.974531924523525,-75.13303720094706,1
HTUwFyHbZBDMatDiL5U-aA,0,6,39.95038862441667,-75.17112496298334,1
HddLem81GiQ_fPzmcsnuzw,0,8,53.5292516490125,-113.555175486325,1
Hg6pKZxw-8qLx1P2iZDbag,0,6,40.02540316278333,-75.18797843723333,1
Hlqe5XsJiPYIqGNze6k6Dg,0,3,29.949060966666668,-90.06637186666667,1
HmwU-km4YiUW5YBnhC0VoQ,0,3,39.94894993333333,-75.1717631,1
HoME-kohG7RQzq27cTiuRw,0,10,36.147987802580005,-86.79789823231002,1
Hxv2Fsr24zBFiZNSYzp4fQ,0,6,32.22963953166667,-110.96477948333332,1
HzaP4PIBnKGiEFzm8phbMg,0,6,34.42013300600001,-119.7000355654,1
I6x-ZBHeCNlMnmtfUVf5lg,0,24,39.60649388740833,-119.84291945783333,1
IE6p3ue8g6_m2IAnbFcXrg,0,7,32.221045895028574,-110.85430022080001,1
IEe0AtY0Yky3QEMQ_vg5mQ,0,15,28.204091996979994,-82.35531495230666,1
IEe0AtY0Yky3QEMQ_vg5mQ,1,3,28.04685136666667,-82.4021246,2
IFL0GJ24DyNn45S7-Ysl_w,0,3,39.6977928,-86.37741123333335,1
IFLZXkaBah5ZJ4wlNyhe_g,0,8,27.8673702602375,-82.32427250678751,1
IO35yKD-4-HBiVdXg_7KXw,1,4,39.779810741,-86.2519791348,1
IO35yKD-4-HBiVdXg_7KXw,0,3,39.7624042,-86.1538887,2
IO35yKD-4-HBiVdXg_7KXw,2,3,39.91168199999999,-86.24662000000001,3
IO35yKD-4-HBiVdXg_7KXw,3,3,27.936210955099998,-82.3312193529,4
Iim2FjK234PripBpaZ9PZw,0,6,29.955489925333335,-90.06589155936666,1
IqpAQyHy_M5a7T-ZrP8HHQ,0,4,43.615036366824995,-116.20113076417502,1
IrzBuAsvu7Nb0KSEVrH_Ww,0,5,38.617428566840005,-90.28655671326001,1
Iwkgm3izBQB1cMHrZZ4nsg,0,5,38.689441335459996,-89.9847223133,1
Iwkgm3izBQB1cMHrZZ4nsg,1,4,38.7777294225,-89.976344132875,2
IzXRjZkLb8sWmS-sYlXB8Q,0,13,38.63568574206923,-90.29409180776922,1
J-SrJeEyrJ1lfE0o3Rcoqw,0,6,39.733517417,-75.60509561198333,1
J-aKkyx5yKFdI1kp8N9GLw,0,3,39.94478675253333,-75.15221010533332,1
J1L2FGH3jPIMe1QlixNzAA,0,12,39.94410093171667,-75.158162124375,1
J2YBDnX01WxTwSWDy_W4bA,0,7,36.1457136789,-86.80493060561427,1
J9gOJk_90vuIzd-ZNUGgyw,0,55,39.76028611855092,-75.59945373287637,1
J9gOJk_90vuIzd-ZNUGgyw,1,10,39.951644477740004,-75.164388655,2
JDN3_QITw8jPX3mAk78Y1g,0,7,36.17121948571428,-86.75866795714286,1
JKDamUXVPAgIV2Hhb97ncw,0,4,38.624578775,-90.19254855,1
JMjLWYbP-d9tlYAkLz1Ogw,0,37,29.902918312362164,-90.04836222071621,1
JMjLWYbP-d9tlYAkLz1Ogw,1,4,30.0051795494,-90.1614906946,2
JSpwp4pAp_Hu4xmPuNitBA,1,11,39.91175520142728,-75.06032671540001,1
JSpwp4pAp_Hu4xmPuNitBA,0,3,39.949944187433324,-75.16010639866666,2
JZArUtt9RXoI1qdao0fyog,0,4,39.620793510575,-86.09000761115001,1
JZArUtt9RXoI1qdao0fyog,1,3,27.78688747856667,-82.78332179646667,2
J_nkt4pAa1Jo2jGu2rc4Yg,0,4,39.909451666900004,-86.20122263900001,1
JapJQZIsWLn8MpsHOH6J-w,0,26,39.643772472188466,-86.11625334933845,1
JapJQZIsWLn8MpsHOH6J-w,1,3,39.76098536666667,-86.14245133333333,2
Jb7H9zg3ABs83fpn0ya1ww,0,5,36.14778348,-86.78455492,1
JlEIf9QGIAFwUDCfhH4DrQ,0,4,39.70827835,-86.3799996,1
JqigRMvhsH5r7y94CjGdQA,0,19,27.959400022799997,-82.49431155780526,1
JqigRMvhsH5r7y94CjGdQA,1,4,27.934702897075,-82.327075729825,2
JtXALTXw0CxoRLNw_GFvuA,0,3,39.626013995533334,-86.1166334801,1
K0zrsXqu55JPwT4dnvNUDg,0,10,39.51134604693999,-119.7995855438,1
K0zrsXqu55JPwT4dnvNUDg,2,7,29.95660394471429,-90.06471964545715,2
K0zrsXqu55JPwT4dnvNUDg,1,4,39.939583961474995,-75.15691498765,3
K1SrG5chblLSO0RXgNcutg,0,10,27.944297424679995,-82.50927073805,1
K1SrG5chblLSO0RXgNcutg,1,7,28.108799345100003,-82.50957770362857,2
K1SrG5chblLSO0RXgNcutg,2,3,28.038022566666665,-82.40963503333332,3
K9lyKtYQVeCB0Usg2v65Bw,0,9,36.15538705633334,-86.76525683232222,1
KAozHo6DpWCn0Mz6nvJLoQ,0,13,39.94926538975384,-74.94484758773847,1
KHT5v6d_T4xqd4cWksLk0g,0,43,38.622414613460464,-90.24833496955348,1
KQDC9pwnAeFFGPLXrsQbcw,0,5,39.94517482170001,-75.1688098441,1
KQzqAdf1zLHwaPaCoWoOCw,0,11,35.9315807379,-86.83418566285455,1
KQzqAdf1zLHwaPaCoWoOCw,1,4,36.147149775,-86.80599835,2
KZyMZ0ig-bMPmg7Jp_ueMQ,0,3,43.607261900800005,-116.28011300266667,1
Kc-kC8eu_U8mH87cOYvqbQ,1,11,36.16971808194546,-86.77028783135455,1
Kc-kC8eu_U8mH87cOYvqbQ,0,4,36.31397885,-86.61889144999999,2
KcblS8ypoV5mFhtyJubmaA,0,17,32.25403544697059,-110.91861334701764,1
KdvfzXO6wid3L4wxxzJYxA,0,4,40.3094924,-75.1302203,1
Ko_PDCCLckuEy8veApoipw,0,42,29.940762747061903,-90.079196188,1
Ko_PDCCLckuEy8veApoipw,1,6,36.155811175383334,-86.78604452321667,2
KrZ581CKVJ-8Mvw37ycBkA,0,3,27.96122923333333,-82.4427449,1
KrZ581CKVJ-8Mvw37ycBkA,1,3,28.047315833333332,-82.44252573333334,2
KvTo3KNWtMwVCQzVYyyuZw,0,4,27.75102495,-82.73289895,1
Kwj7GH9JRgy1Iasad3Ou2w,0,3,38.60611523876667,-90.3130174413,1
Kx4RtLVvwFuH2F4hWKB0ig,1,18,34.41416531949999,-119.69466951507778,1
Kx4RtLVvwFuH2F4hWKB0ig,0,5,39.51393873464001,-119.7744225055,2
Kx7JvWXJUGccCsVKaVX6GA,0,3,32.20802940856667,-110.85364524156667,1
L-EQnRqs4eg4JKOY7rcLmw,0,5,38.61707211726,-90.22028273693999,1
L-Zrhj84j7Qiwn554FQKig,0,11,39.94874405422727,-75.17685439085454,1
L3Wo48xFZC_5H7SC4sdUSg,0,5,39.5322017144,-119.73552371892,1
L4uWWU4ArkzZy1D3dpSAxw,0,38,38.6125524463421,-90.24075185070002,1
LBbUoV173-OcUPLVP-7ScA,1,7,36.153583506857146,-86.79219112284285,1
LBbUoV173-OcUPLVP-7ScA,0,4,39.9423008268,-75.161519251125,2
LCHhwItAT7hCYn1hD33psA,0,4,39.947454212425,-75.150551032125,1
LClO6WFsYAJgq-3N0291_w,0,8,32.33126363985,-111.0184466343,1
LCn7uMKbEyRASeDtGsGoZA,0,4,38.559726808725,-90.40778970002499,1
LF1kmwJjLNVpDNUik5eMPw,2,10,39.487923100690004,-119.78782513515,1
LF1kmwJjLNVpDNUik5eMPw,0,6,39.538522295666674,-119.73243437876668,2
LF1kmwJjLNVpDNUik5eMPw,1,3,39.627041,-119.84397733333333,3
LPkh_eURB6fOA1w7GSf1qA,0,10,34.41974067952,-119.70463981466,1
LPkh_eURB6fOA1w7GSf1qA,1,3,29.945181410533333,-90.07209474743333,2
LQ-FEkzw4P2OwEM23PLbkw,1,12,27.994333241116664,-82.12720475944998,1
LQ-FEkzw4P2OwEM23PLbkw,0,6,27.969118133333335,-82.45143949999999,2
LQ-FEkzw4P2OwEM23PLbkw,2,4,27.935388289675,-82.296152003475,3
LQ-FEkzw4P2OwEM23PLbkw,3,3,36.15212976666666,-86.77637223333333,4
LRx0RViGEAFX2UVJ5bNBRg,1,10,27.94553061019,-82.47366911411,1
LRx0RViGEAFX2UVJ5bNBRg,0,3,27.924147735566663,-82.32396173626667,2
LTMNEpVIJkEfM8ma0DEYyg,0,10,27.935402587800002,-82.49050224796,1
LZkoK_bTORaMxRLbdk9T-A,0,8,29.95400820395,-90.06838499278751,1
Le3fvEovMVaISZGgsy9FWQ,0,3,38.70957320906667,-90.45331594246666,1
LfpXEdALEix6D0UsBCKu5w,0,5,36.1491489118,-86.76252223745999,1
LoyOOeJHQqzezHAdJqmYHw,0,7,34.422618560785715,-119.68818299157142,1
LoyOOeJHQqzezHAdJqmYHw,1,6,39.94169750776667,-75.16256230448333,2
Lr0ThGKRi6BxWCiry3Y4sw,0,15,32.22838622474,-110.84114895487333,1
M1q69ybXnpT4OohBz6FWnQ,0,11,29.953551955527278,-90.08474779165454,1
M32nKcq8Cppin27W7-iFMQ,0,10,38.639024797640005,-90.24323312631,1
M5I4rNHn3VZb9hkamuEx2g,1,6,36.03199501666666,-86.79178369576668,1
M5I4rNHn3VZb9hkamuEx2g,0,3,35.971445445,-86.83585304126666,2
MMb3EZjiQGuWaeH0lcpjdA,0,14,39.77257943635,-86.05758908017143,1
MN6vTCeRKWU44M7xwhQc7w,0,247,43.61758051909919,-116.2444346768421,1
MN6vTCeRKWU44M7xwhQc7w,1,10,39.53164780446,-119.81941084024001,2
MPvjps91dA-EfjsfZ570Ww,0,10,29.953605371360005,-90.06495457100002,1
MPvjps91dA-EfjsfZ570Ww,1,3,34.41851182456667,-119.68804821976669,2
MTUXmF6TMB2oyOUH9dCaAg,0,6,38.78817208291667,-89.95831107778332,1
MVIQUlFaFUSjK2pG_qJsow,0,6,27.781262262166667,-82.64609587438333,1
MVuNw-mO5on8PpO_I6QtKg,0,8,39.490123643924996,-119.784914826875,1
MkAOXZub6t1XCqSsB1VTcA,0,8,39.9440534570125,-75.18040077065,1
Mor3UEvzDL9l2Ga1aoqnOA,0,5,36.15714631582,-86.78386553132,1
MrvvXXhtbcgZfCxHvQ4VIQ,0,8,29.95464600495,-90.06545544465,1
Mtauh5PuE5yrnt4nE_khDw,0,4,39.5302088259,-119.81914826159999,1
MvrGDIrZv8pL_NYWrb9fLw,0,70,29.96193127180857,-90.13809238753,1
N0un75Nz_OGmhcROiuj8VA,0,43,38.63618731807675,-90.33042523711627,1
N0un75Nz_OGmhcROiuj8VA,3,6,29.94924501798333,-90.070866759,2
N0un75Nz_OGmhcROiuj8VA,2,5,38.604026273079995,-90.51676013576,3
N0un75Nz_OGmhcROiuj8VA,1,4,36.155734413075,-86.78611623482499,4
N0un75Nz_OGmhcROiuj8VA,4,3,39.94772075663334,-75.1563510577,5
N84Tst_bWC2hNdET8cPWjQ,0,9,34.398673933333335,-119.52001271111112,1
NANbMviczSYba8azpvvdAw,0,72,39.949224460465274,-75.16187692005971,1
NAxQKtWufuvSUmufzmIkGA,0,7,38.57832374305714,-90.50793193998571,1
NBhBECdmKXspNMQXrowLxg,0,16,34.427034325568755,-119.78910612293124,1
NK2rEuA_ZJ6Jw94hPmNkLw,1,6,40.248782908366664,-75.30877284951667,1
NK2rEuA_ZJ6Jw94hPmNkLw,0,4,40.031253012725,-75.22131140655,2
NKlEwUMCB0lDSeRNUA4y9w,0,10,34.43212677371001,-119.8477964461,1
NMFSiVf5TO8tQWBQ6Pcucg,0,5,36.1442293497,-86.75525349649999,1
NPX7b6i958CuSFCLNGe5sw,0,10,36.156805261239995,-86.78443373674,1
NSHXU2EMIRsjGGuvncpQfQ,0,4,39.9476481596,-75.159102933275,1
NXX09vJ7rLPv0JJoPj0_dA,0,4,40.023235250525005,-75.32819381027501,1
NcRKRxXC3_SrAD-3LOeS3A,0,5,29.959350795579997,-90.0623186606,1
NhYTylbNBrs3OY8ffUdVgw,0,31,38.607465306916126,-90.24918415079355,1
NhYTylbNBrs3OY8ffUdVgw,1,3,38.549841066666666,-90.39621093333334,2
NijHURoR_k62Axkmz68TCA,0,3,43.615651199333335,-116.20399246426666,1
NpOGkN24JbhtGEB3IKHYuA,0,5,32.22200218328,-110.962313466,1
O0vNIBTJ6dHx8mCKYHwOXw,0,7,36.17433318571429,-86.77803184285713,1
O0vNIBTJ6dHx8mCKYHwOXw,1,5,36.18141917652,-86.62024056556001,2
O3LHhLM3N42vEvnOBtYQpA,0,8,39.86620740665,-86.13769573715,1
O3LHhLM3N42vEvnOBtYQpA,1,8,39.916417639,-86.2216574263,2
O6q1nMhqcFArX8A18vnrYQ,0,5,36.15817819234,-86.78617660654001,1
O9QKjmjKObBE7JJoGVYgEA,0,3,28.08167853333333,-82.43769273333334,1
OH3ptxBiopNJIrgGVyQshw,0,4,39.961221275,-75.60375465,1
OIyC6P3M5XGEVzU5YOdw6g,0,3,36.157964844199995,-86.61865989513332,1
OKXT_S_s8w7FgqCcMXYUUg,0,10,39.96173926874,-75.13933285582002,1
OPN1uIBQUCze9Ul7u0raaA,0,4,38.64746909795,-90.33372564282499,1
OPyem1unqqtM8snKniLwRg,0,8,39.9556907327625,-75.1616359024625,1
OTKA9bofY3zFh-saPz1RFQ,0,3,39.40068193333334,-119.75427,1
OXruA-p85uhlvgTLKNz5Mg,0,70,38.611667265065726,-90.2498911919157,1
O_LxHzpMtaxnzNs5hNOxxQ,0,5,39.9586338744,-86.13488494086,1
O_LxHzpMtaxnzNs5hNOxxQ,1,3,39.93086815346667,-86.22954762680001,2
Oc1w0KTgCV9z4jgpekLTjA,0,4,40.038664271500004,-75.047391026125,1
OgaxsymED9T23aZobMNOoA,0,41,39.6586536077,-86.0987861552756,1
OgaxsymED9T23aZobMNOoA,1,17,39.77097943804705,-86.16055666927646,2
OgaxsymED9T23aZobMNOoA,2,3,39.89771822976667,-86.10053645760001,3
OmEpzRfwZAgCS0AlDcj9Ag,0,3,29.921182433333332,-90.09565806666667,1
OmEpzRfwZAgCS0AlDcj9Ag,1,3,32.21841403333334,-110.96951133333334,2
Onvtmw9RTdf8zHHzjudbMQ,0,5,39.438653620000004,-119.7656547,1
OrmB5Onk2RaYyiGZmwliMQ,0,12,39.94906435168333,-75.16151896367501,1
OxC6feaRNTKgSirkvnP0wA,0,3,32.172228866666664,-110.95085906666668,1
OxfnFHyedpprZLVMOSEATw,0,18,39.956566833422215,-75.14971462153335,1
P-1_Yb-Pafw0xvktDNvg-w,0,7,28.152016937428566,-82.76090836731429,1
P6-z2QNjXo_tRnzMfuf3RQ,0,5,36.153971038819996,-86.80057430872,1
P6UWg3oHfw9QHTSSuGkgVg,1,15,28.058597454446666,-82.51610069712001,1
P6UWg3oHfw9QHTSSuGkgVg,0,5,27.9395759576,-82.49983388012001,2
P8130kY1Cz6TFOsKJFUdUA,0,5,27.771993424020003,-82.64409565733999,1
PJl-5EnQk_aFMlyYh3OrJg,0,3,39.49877645670001,-119.80032173620002,1
PgiLP11qaxxYexNloIzXOg,0,9,39.84988724428889,-75.70674751583334,1
Po-IIg0JO24jfgou7bDqrg,1,5,38.62900012,-90.25094124,1
Po-IIg0JO24jfgou7bDqrg,0,3,38.90469563333333,-90.17138933333332,2
PqfOVKJOLw1moW2NPSoEjQ,0,4,27.931626117775,-82.48367627774999,1
PuNLBic4RPf9Ga03gbpaUg,0,3,28.0655336,-82.43836353333333,1
Q4EiT1fYeDRea9l_ey9giQ,0,4,39.950514413775,-75.17188627575001,1
Q4EiT1fYeDRea9l_ey9giQ,1,3,39.917876459233334,-75.39003406013333,2
QCK3OENFoDpvadeX3RAhKw,0,37,38.61484162434325,-90.30449113156487,1
QJjMgW93bnPnxGnVRSFR6w,0,14,43.60935237859286,-116.22122304734285,1
QMqSgBqSrlRhz2B0UiORjw,0,5,29.955715550820003,-90.06156954833999,1
Q_SR2NwCPDnu-phYkrSX8g,0,8,39.94997995285,-75.160518403925,1
QaCDjkA8Is_dB4DBVef6cw,0,3,27.897542399999995,-82.84805526666666,1
QcqHBeyqtxf4nMSo-CVXRA,0,14,28.202482792857136,-82.66569772683572,1
QcqHBeyqtxf4nMSo-CVXRA,1,5,28.216764429799998,-82.7377142183,2
QfFIPbAYkrMD0SPMTNP4cQ,1,13,27.78415945228462,-82.64313786345384,1
QfFIPbAYkrMD0SPMTNP4cQ,0,3,27.788535433333333,-82.7271258,2
QmlFDYt9aRKYuf7mRhvkeA,0,4,40.2189435,-75.23010225,1
QpdYmCSg7vLM6qa6HFjhwA,0,13,43.59024400671539,-116.28210482186157,1
QrmUrUy1mNjgvFMOf_AjLA,0,4,39.7668737324,-86.15810412752501,1
R20sQxFytgr_raM5DsoAJw,0,4,34.4330061781,-119.84849517187499,1
RCRxj6dn-cMNwDhpGQMYqA,0,13,29.90074658808462,-90.10050955536153,1
RCRxj6dn-cMNwDhpGQMYqA,1,7,29.974710224871433,-90.17982623038573,2
RRtMl0kS2ntfoxcQPJcmZA,1,13,39.971446468861544,-75.30376821494615,1
RRtMl0kS2ntfoxcQPJcmZA,0,8,39.95060792785,-75.162652116425,2
Rcrg_WMhz6KUu-uDhEt38g,0,22,39.93559849277273,-75.16352634378637,1
Rd7qzRa_I_-JIQq5IHIk_Q,0,4,29.959535625,-90.06347819999999,1
ReLV-lo7M3nVg0deB86fCw,0,6,38.622146324533325,-90.28879032855001,1
RlG8zsrWfYNaMzmT9ILCiA,0,5,29.921824228640002,-90.09332374186,1
RmaAM3og4CzTy1W70ET1_A,0,10,36.15567090594,-86.80389189742002,1
RqP6tzpJpAcuMgs7sL5pGQ,0,3,38.59390456666667,-90.27660683333333,1
S9EaFrAcuZGrvUo_Rx24Wg,0,4,27.825743499999994,-82.82866755,1
SEKTawcFfaIKntviucbhHQ,0,41,32.24129549832439,-110.93078263330244,1
SGUGJxqdiaDTh87NQal5FA,0,3,27.95108786333334,-82.48809049333333,1
SJp3ur20tMsvGVitMxiaww,4,7,40.04774663484285,-75.45553387027142,1
SJp3ur20tMsvGVitMxiaww,1,6,40.040342,-75.548986,2
SJp3ur20tMsvGVitMxiaww,0,3,39.950971465933335,-75.16631171303334,3
SJp3ur20tMsvGVitMxiaww,2,3,27.749912466666668,-82.7456138,4
SJp3ur20tMsvGVitMxiaww,3,3,27.771136,-82.64969693333335,5
SKgz4N68nhmsbYepfrQgFg,0,5,29.954696789320003,-90.07274588456,1
SNkrO9hhvaNOtgVM4DiiJg,0,5,39.94397526156,-75.16195035676,1
SPa6Q4dGuyOykxs42BebYA,0,5,53.47156524776,-113.47329620496001,1
SpRfD1bdOfffOSKreIeIUg,0,3,39.9096887457,-86.08772411096668,1
Sz5uYgcxbHHOEtwNiM6BaA,0,4,27.9705854115,-82.47772449035,1
Sz5uYgcxbHHOEtwNiM6BaA,1,4,28.04971267155,-82.60187547314999,2
Sz5uYgcxbHHOEtwNiM6BaA,2,3,27.9806582617,-82.8273762106,3
SzKcR8CCmPJDWcNEPEfTFQ,0,13,43.619742389192304,-116.26415453727692,1
T0d7oBLMJ6hFnzHTkOoQhw,0,7,28.243486317028573,-82.70108902834286,1
T0d7oBLMJ6hFnzHTkOoQhw,1,3,28.348498582900003,-82.66685634086667,2
T1uLCD6iuQbEFT23rxU1Dg,0,8,39.93931602705,-75.15600966427499,1
T4RRbPH6J3SX9QA85U7JTw,0,4,39.90733026,-86.064040874975,1
T6ej7K8uGglcBzJ68yZX1A,3,7,27.936378017128572,-82.48526122155714,1
T6ej7K8uGglcBzJ68yZX1A,0,3,39.6713845,-75.5834293,2
T6ej7K8uGglcBzJ68yZX1A,1,3,39.67844829999999,-75.65170006666666,3
T6ej7K8uGglcBzJ68yZX1A,2,3,39.72966507339999,-75.64462043740001,4
TBRQIFGGWjR7Z5Ki5_PfxQ,2,10,36.13598719306,-86.83238917357,1
TBRQIFGGWjR7Z5Ki5_PfxQ,0,6,29.946157166666666,-90.09922649999999,2
TBRQIFGGWjR7Z5Ki5_PfxQ,1,6,36.074401740966664,-86.9269977463,3
TJlF_yn7HU4Wm8SXKVCRrQ,0,3,39.89905903666667,-74.95297215666666,1
TPJozTJbA67odTmQYrjc8A,0,5,29.955562586320003,-90.06493364845998,1
TQwq95VbVCBeHHQW6vOIlw,0,8,39.4438042376375,-119.77626478205,1
TRj5lPr-RwvATCIc6Uf59w,0,6,39.9479835,-75.16094298333333,1
TZFn736XYq4qYPXTFeGwzg,1,18,36.142286421883334,-86.7861669885889,1
TZFn736XYq4qYPXTFeGwzg,2,16,35.97879684694375,-86.55273679363751,2
TZFn736XYq4qYPXTFeGwzg,0,4,39.95117498615,-75.15688381775,3
TZFn736XYq4qYPXTFeGwzg,3,3,35.957476400000004,-86.81781966666667,4
TZFn736XYq4qYPXTFeGwzg,4,3,35.9673408174,-86.67414453133334,5
Tj2ajZmAIajq4O4eNxtpnQ,0,7,27.93231693098571,-82.31597300024286,1
Tj2ajZmAIajq4O4eNxtpnQ,1,3,27.94296964513333,-82.45478789326667,2
Tj2ajZmAIajq4O4eNxtpnQ,2,3,28.05565174803333,-82.42659017860001,3
Tj4vyZDWtEfhaO-Wx2rk6g,0,3,40.03839806446666,-75.53728771746667,1
Tl2x7NNY6_7XUjXJyDXt1w,0,6,53.583052350850004,-113.41000124658332,1
TpXu0yFnMMs-YiyBMEu27Q,0,3,28.06178557306667,-82.50512144160001,1
Tw7oL8tJT6MSul0TAo8gnw,0,21,34.419959452566665,-119.70621160436191,1
TxlrbX7i7aJvRKZZgCRpew,0,18,39.97034910265555,-75.13289892616112,1
U1E6Naex1491NzrGarCsXw,0,7,39.527786095857145,-119.8026245018143,1
U4LtJ7YljPEmCbM0HmeG6A,0,7,34.422766399057146,-119.70463701562858,1
U7W1khpgG2GOggewEoFaeQ,0,3,39.86038093333334,-86.03071966666668,1
UAy3ZRQR9JzNN0kzMBWTQQ,0,15,39.53295101026,-119.8143104863,1
UBLaSSnkK5xoOVsxLr7JZg,0,4,40.219288336825,-75.273925388575,1
UFq51LFmhfEPn21CM9l_RQ,0,19,32.256829583347375,-110.9470662112421,1
UH4UvNqQp7G7NCwWEEQ2QA,0,4,30.01120705,-90.242402525,1
UKcIwlbLohvMmGiw4wqaqA,0,5,38.62076879599999,-90.25272089974001,1
UOXCf4eCU8q6o1xGIzwOng,0,88,39.96845623839773,-74.85143104290569,1
UOXCf4eCU8q6o1xGIzwOng,1,6,40.07341093333333,-74.86862896666666,2
UOXCf4eCU8q6o1xGIzwOng,2,6,39.8689834317,-75.08148520168334,3
UOXCf4eCU8q6o1xGIzwOng,3,4,40.129725133275,-74.70800246465,4
UVSxH2URPO7Sa9A51IZC8w,0,16,39.94887066468125,-75.16548225446249,1
UXJ4od989AHDeLjIk82vCA,0,4,39.7710735097,-86.160634496475,1
Uo1IBYMpVRYJocg6H4HYxw,0,9,39.95011511505555,-75.17188593987777,1
Up-oM-OL17jDjn0GxtwH1Q,0,80,39.959588996227495,-86.1092464053975,1
Up-oM-OL17jDjn0GxtwH1Q,1,5,39.77392468,-86.14789522,2
Up-oM-OL17jDjn0GxtwH1Q,3,5,39.75730391486,-86.26239074330002,3
Up-oM-OL17jDjn0GxtwH1Q,2,4,39.859451725,-86.142237725,4
Uq819frXr3ucv8MjeJhzzw,0,5,29.95578775066,-90.06430842985999,1
UwbZEMOUfeobay8ycUfT2g,0,25,39.79706147436,-86.156225650364,1
UwbZEMOUfeobay8ycUfT2g,1,3,39.911893400000004,-86.11721046666666,2
UyiT9-LLhcODDRZRaISqTA,0,4,40.011340711675,-75.00686231715,1
V34LnyOBjRuDQBuYG1Duuw,0,10,39.95201927305,-75.17034446467999,1
V34LnyOBjRuDQBuYG1Duuw,1,7,40.06613125528571,-75.41291391854286,2
V60nCZgAqt0ZfFVErQS7YA,0,4,29.956724694275,-90.0646076445,1
VCoKjRd_Rk97dK7pbsmIEQ,0,6,39.95397254233333,-75.31140639653333,1
VEmT4OO690n_t7QHDTB6jA,0,5,29.9422511,-90.0923298463,1
VG7dOVRGeaGvJ7HISpfE9A,0,48,39.744158390864584,-75.56074254420625,1
VG7dOVRGeaGvJ7HISpfE9A,2,17,39.94405997401765,-75.16067006908236,2
VG7dOVRGeaGvJ7HISpfE9A,1,9,39.81608013106667,-75.5445441532,3
VG7dOVRGeaGvJ7HISpfE9A,3,3,39.6900318,-75.6627091,4
VIBcpBsdrm8ZgkuE-o62hA,0,9,27.795853377333334,-82.64925333632222,1
VOXxUUgygln1UgVFHAgixw,0,7,29.946885842857146,-90.07188741428573,1
VR1HCLP1bvg549xkNVN0UQ,0,42,39.84091707364048,-86.16227812512858,1
VRGj14iFH4dGPdgCrw1peQ,0,5,39.94845637484,-75.1587266562,1
VRpN8qjg2_b0YPomK3_xTA,0,5,29.96164458788,-90.08249612738,1
VWMjrU0ll1FavCL9_fm8Cg,0,4,32.305032999999995,-110.94925652025,1
VWriVYd_m97I7KOCN-dEkA,0,5,27.89181998,-82.31686996,1
VaJ23imjcYl1U35eyd6hbQ,0,5,29.956097751999998,-90.06617981324,1
Vt3dbCGAkDVY2kxKTdInzQ,0,6,29.945294227233333,-90.08006596886666,1
W4eb0mdukxQgwvvn9IGkPA,0,4,39.952335232725,-75.17222310017499,1
W6dlxy3ts4Lj5B_LFI4Q8g,0,6,53.53593315478333,-113.50198730471665,1
W70CaXqiK5kVpR-iWLvsyw,1,6,36.161059804716665,-86.77699093123334,1
W70CaXqiK5kVpR-iWLvsyw,0,4,36.31836645,-86.7000432,2
W7GWFiub3HbMlMGXO3AKBA,0,9,29.969836266300003,-90.08204710213334,1
W81s2EdHHq4_CYDJNqhgRg,0,198,38.645149145220195,-90.27545534691818,1
WFp0CWCNjT5Fovzd7od3Pg,0,3,39.90136176666667,-86.21736659999999,1
WGfG0iFN53alClblgY-0ww,1,6,29.956639921666664,-90.06613512516667,1
WGfG0iFN53alClblgY-0ww,0,5,39.95219652424,-75.15545747558,2
WMN_WooRW4oN8TaFhNpyWg,0,46,39.51501529969782,-119.81924490744562,1
WQjY0HaQOIAZi0hfDVcGWQ,0,42,29.983337273414286,-90.16797926150952,1
WTVtNexN9unsSOacvpWNmw,0,11,34.42116634501818,-119.70561389514545,1
WVCgjoYPl7jPhXjPcSR02Q,0,73,38.629677172241095,-90.29548509566987,1
WVCgjoYPl7jPhXjPcSR02Q,1,4,38.68144891005,-90.47407954387499,2
WVCgjoYPl7jPhXjPcSR02Q,2,4,29.9560990391,-90.064923764125,3
WVCgjoYPl7jPhXjPcSR02Q,3,4,39.9499080578,-75.16052678304999,4
WYMVjQZay3pPFJmg_iktGw,0,14,39.853318975585715,-86.1438724005857,1
WZvywUbFqvHQw1boj9OQmQ,0,5,38.61004783362,-90.22078573326,1
WZvywUbFqvHQw1boj9OQmQ,1,3,38.6070685,-90.3020793,2
WaJncDmkVxHAEHb-b-goTg,0,4,40.041665300000005,-75.64438684999999,1
Wc5I96A8pEUfP96CDbRc6A,0,4,27.808237150825004,-82.798523938925,1
WfywKHUOxQ6AVJa8Q-luvQ,0,14,39.9606506684,-75.15932115382144,1
WfywKHUOxQ6AVJa8Q-luvQ,2,6,36.15860175931667,-86.77893783783334,2
WfywKHUOxQ6AVJa8Q-luvQ,3,5,39.96443132162,-75.59038823628,3
WfywKHUOxQ6AVJa8Q-luvQ,1,3,29.969321123666663,-90.07850701313333,4
WlxJHUYqdEKuIwpE9iTZxw,0,6,28.05353084573333,-82.40425528371667,1
WqktipEEPMZAvsOIkUTZ4g,0,5,39.737260484080004,-75.07724275302,1
Wz--ow7P1W0r09_lfkN6XQ,0,5,38.6276270383,-90.31822669425999,1
X61dbhql2YZhIoO3flmkRg,0,19,40.362252126563156,-74.94877587256843,1
XBZvCj-WeQauibI3NCi2Dg,0,6,38.62039869906667,-90.20720509076666,1
XBcDvNBgGcc9sl4wvx6RCQ,1,14,39.943595218214284,-75.16575864327142,1
XBcDvNBgGcc9sl4wvx6RCQ,0,3,39.91491776666667,-75.06351543333334,2
XGDWVXtB8p6rKhJEG0S_zg,1,9,30.009301205344443,-90.15575596774444,1
XGDWVXtB8p6rKhJEG0S_zg,0,8,29.93542639485,-90.1011421325,2
XGaU9uKju7jg0xG0Lr9qeg,0,9,36.17153733881111,-86.51378644715555,1
XGaU9uKju7jg0xG0Lr9qeg,1,5,36.166554574139994,-86.78410227712001,2
XLRzqtCGycIESuA5xfbXdA,0,32,34.420116281537496,-119.699222602375,1
XLRzqtCGycIESuA5xfbXdA,1,3,34.4221336525,-119.84508050196666,2
XPr6OwITQhnsvH18p4FfsA,0,3,40.027242300000005,-75.2185025,1
XPr6OwITQhnsvH18p4FfsA,1,3,40.188266,-75.13433276666666,2
XSfrNZIyAHKDb2ps1HS_8Q,0,45,39.88128835793778,-75.02235500019778,1
XSfrNZIyAHKDb2ps1HS_8Q,1,14,39.950697241121425,-75.15838899928572,2
XSfrNZIyAHKDb2ps1HS_8Q,2,3,39.7222587976,-75.12242196143332,3
XV5h-6e2PnQtowu5-i5KJA,0,6,34.42025828333334,-119.85339003333333,1
XedowXE1sPi4BYJmOLjt8g,0,9,30.008620559466667,-90.20544022355554,1
Xn94AMfZrlX4Q7FvV6RrtQ,0,3,28.050596278233332,-82.78121882916668,1
Xn94AMfZrlX4Q7FvV6RrtQ,1,3,28.001290666666666,-82.729512,2
XrBVIx_LVYa8P1AiOw8gRw,0,8,29.947073077149998,-90.0697182577,1
Xw8Pr6pCzuCX-UOLd3dp9A,0,4,39.846431869149995,-86.13954584965,1
XzYyKC84ccqgw0DccAgEsQ,0,33,39.52019426220909,-119.80941059659393,1
XzYyKC84ccqgw0DccAgEsQ,1,4,39.50639914195,-119.99755410272499,2
Y1MHichqrupj81MFtTA98Q,0,3,40.16400850670001,-74.90568980193332,1
Y3HQHXVM6aDiDsbyN8U5eQ,0,9,40.1204894493,-75.12374808701112,1
YBNpmwPM-CjNzoRdF3Ap4g,0,39,28.000940661587173,-82.73769682502822,1
YBNpmwPM-CjNzoRdF3Ap4g,2,17,28.03461278697059,-82.52107139027058,2
YBNpmwPM-CjNzoRdF3Ap4g,1,8,27.7719444318625,-82.773848082325,3
YBNpmwPM-CjNzoRdF3Ap4g,4,6,27.87357438043333,-82.72186060526667,4
YBNpmwPM-CjNzoRdF3Ap4g,3,4,27.7713055,-82.64493925,5
YBNpmwPM-CjNzoRdF3Ap4g,5,4,27.970703997375,-82.53209512609999,6
YBNpmwPM-CjNzoRdF3Ap4g,6,3,27.954675453266663,-82.44308527396667,7
YL5KFoUtGEdBA7x-C4zu7A,0,6,27.73214227995,-82.7336594024,1
YPfS68Yx1yi7u1GpU5sR8g,0,3,39.9740950598,-75.13358323973334,1
YlWXXEeVK0rsdNys17jvKw,1,7,34.431943154071426,-119.87112454452857,1
YlWXXEeVK0rsdNys17jvKw,0,4,34.4307123,-119.716338275,2
YlxeTuWCoZfrefhy0Ucyhg,0,7,29.956044331028572,-90.06537269451428,1
YnDvjz11ZE-f9qc3gEm-KQ,1,6,27.93739546666667,-82.48589568333334,1
YnDvjz11ZE-f9qc3gEm-KQ,0,4,27.909208281875003,-82.31795547265,2
YrWN6qplTdYlQ5urYNxpwg,0,9,39.903824036411116,-75.34470152433333,1
Z0yHptbS93271s_h6LJOMw,0,4,34.424164445,-119.71398327392501,1
Z8xy8ivjN7wl2HSyOtEU8Q,0,3,27.9654468,-82.517992,1
ZDgqRbMzvh5xLvLPf5pd1A,0,5,34.41689314,-119.69932674000002,1
ZG7d4yTQxdQ4SAKRWXBg_w,0,4,39.950313575,-75.1680178,1
ZGnUQTLwVZTzSLGu6vR4nQ,0,3,39.451418100000005,-119.76002240000001,1
ZGnUQTLwVZTzSLGu6vR4nQ,1,3,39.52310472473334,-119.8036841888,2
ZHiVNK_5ytWSSR9HGr0iIQ,0,18,39.95025745616667,-75.15410262210555,1
ZIlZhl7xT9gztKRlWk8Uvg,0,8,39.9473105743125,-75.15684272426249,1
ZIlZhl7xT9gztKRlWk8Uvg,1,8,29.944674714337502,-90.07554440641249,2
ZJZARSGq4UOpsFl72PZNAw,1,7,40.17538522857143,-75.10692354285713,1
ZJZARSGq4UOpsFl72PZNAw,0,4,39.95329365,-75.15235132500001,2
ZSmUmmJ9Jxk3UeaVmWg4Eg,0,9,27.93087925136667,-82.31867282219999,1
ZZ6LB_EAJFvpx3VbYcg3QA,0,5,39.912436776659995,-74.90254755922,1
ZZMnSSzyL7l9XiLgrtlwZw,1,4,32.1561853037,-110.990964032275,1
ZZMnSSzyL7l9XiLgrtlwZw,0,3,32.236750962799995,-110.9352830327,2
ZjGnvSASx6ziJ2pLD8KNQA,2,5,39.983770199999995,-74.78963964,1
ZjGnvSASx6ziJ2pLD8KNQA,0,4,40.061129144975,-74.8793758663,2
ZjGnvSASx6ziJ2pLD8KNQA,1,4,39.9306705848,-75.030260927025,3
ZjGnvSASx6ziJ2pLD8KNQA,3,3,39.94980056666667,-75.2152925,4
Zjp8kd0zPbrp8-uCrmklQg,0,8,39.64186230825,-86.089262534075,1
Zqu-tMR9CHjA44sU7I5bXA,0,11,39.944274275054546,-75.16756130631819,1
ZvkbHmIQg0z28aPoLB8-QQ,0,4,39.947616011725,-75.15381908425,1
_-Uw7Bk9mGdE8JnwI6Czog,0,8,40.0901272279375,-75.38082808265,1
_1hPdizzSbtEqgO_VKR72g,0,13,43.60192276052308,-116.21050056599232,1
_1hPdizzSbtEqgO_VKR72g,1,3,43.69420465153333,-116.35214450389999,2
_2PfDGJk_JbVktP5E8DKTw,0,4,32.23419447155,-110.95369674999999,1
_3slMJIPWtusJq4waO_zqQ,0,4,32.247584616525,-110.86000949697501,1
_6eWh95nK84sZMSH4kA4Gg,0,15,29.940158531059996,-90.09761962937999,1
_6eWh95nK84sZMSH4kA4Gg,1,3,29.877622133333336,-90.05039343333334,2
_6eWh95nK84sZMSH4kA4Gg,2,3,30.00244059706667,-90.15886372569999,3
_G4218U6yDywqn_06L595w,0,5,38.60665522,-90.25781853999999,1
_HhajxbU7yprqYMtvBlIig,0,3,39.917900992566665,-75.39105306013333,1
_K4pNMWOUkvQlO0k75xV9g,0,4,28.05960445,-82.42599015,1
_KL1CGJLouKvmtqvIsh6hA,0,3,28.237226130166665,-82.35901400873333,1
_KL1CGJLouKvmtqvIsh6hA,1,3,28.189041899999996,-82.37106551843334,2
_Voi8461u-vpVgEkZ7wg3g,0,5,39.51666033358,-119.80255920404,1
_cQJIRrJu0pXqBSloGFmyA,0,5,32.22715609768,-110.96093645962,1
_mtqoo7wQYheXrO1pCAo0g,0,20,39.486238307015,-119.79020780752501,1
_sc93u8VgIQVi5Af_7h1GA,0,16,39.94941414088125,-75.16418646003748,1
_yRKTBGymWyWoBj2YJFCmQ,0,33,39.96135093588788,-75.16057510615758,1
_yS6GfchBYtNThmucf_r1A,1,4,43.60304669999999,-116.328984925,1
_yS6GfchBYtNThmucf_r1A,0,3,43.609464633333324,-116.19607743333334,2
a4MrK-KrumPaY5Vl0aC1rw,0,64,39.78805705657656,-86.1537910334703,1
a4MrK-KrumPaY5Vl0aC1rw,1,3,39.9500249022,-75.15662537473334,2
a7Hc-cLGLMVXb6J5c8aXRw,0,3,43.612806986,-116.20599811496668,1
a7Hc-cLGLMVXb6J5c8aXRw,1,3,43.6188174118,-116.30862046993333,2
a91M-RIBmsjCYtOd-X2hFQ,0,6,36.1613489323,-86.77759363195001,1
aEgD7g9gof2Bl0dUEwWQ2g,0,3,36.18979496666666,-86.74494073333334,1
aJgLdDQt9ytb-qbF8hpyjQ,0,16,40.04357451700625,-75.38059480333126,1
aN3hqwdyeT6AmyUq3GgIIA,0,60,39.91436957221,-75.03367278599502,1
aN3hqwdyeT6AmyUq3GgIIA,1,40,39.948747463669996,-75.162908411135,2
aN3hqwdyeT6AmyUq3GgIIA,2,3,39.87774860066666,-75.23892559956667,3
aOGtShQrhkVF0REtkJCNkA,0,3,32.23931484526667,-110.85874289959999,1
aQr8seSnycChN6TSqQ6PEA,0,4,27.911869149999998,-82.473635575,1
aW-gSyHbowWiIJ0Qf1K8PQ,0,3,39.49534956716667,-119.79916584203333,1
acqIFO_sRn910Nc3tJVC3A,0,3,39.764697294,-86.30078120653333,1
adAyqY8C2KUzz_IvYfLszw,0,8,29.956202248325,-90.059792918325,1
afKo80GQvZYbdlwckuZixg,0,4,39.91757482045,-75.328945545,1
ah5_tmNcNRufLDgbbU5t7g,0,7,29.956567513671434,-90.0634205980143,1
aha055JQo_MKHlBGAqPkWA,0,11,39.963985115463636,-75.15686745144545,1
anyYN-TwiaH2mUOcsvQEbg,0,5,27.71677618,-82.73929979228,1
aqSmzW3CtNW61CIaK__7ig,0,3,27.881012312266666,-82.84139767013333,1
auZK-98eELMr-_-Ur7XCwA,0,7,36.169163857142856,-86.77280392857143,1
auz-JbxlUP_uMEy3p5gGWg,0,5,39.525538783180004,-119.81203305874001,1
b1D-Vsr3JmG-dxAorXb6VA,0,6,32.228319667,-110.94463159416667,1
b1D-Vsr3JmG-dxAorXb6VA,1,3,32.285525500000006,-110.94410696666667,2
b2G1n12ldY7PCDrpB9TOYg,1,6,39.45886174226667,-119.76053354724998,1
b2G1n12ldY7PCDrpB9TOYg,0,3,39.51128451573334,-119.82747058383332,2
bAmK1OzZpDkKeN_az63sMw,1,43,27.99554229616512,-82.53936223238604,1
bAmK1OzZpDkKeN_az63sMw,3,6,27.879910986366664,-82.76766238465001,2
bAmK1OzZpDkKeN_az63sMw,0,5,27.971766317020002,-82.80749508635999,3
bAmK1OzZpDkKeN_az63sMw,4,4,39.9530060384,-75.15612351715,4
bAmK1OzZpDkKeN_az63sMw,2,3,28.055263220766665,-82.44107002166668,5
bQmMPB7y_u4SM2STjTO-bA,1,20,38.668875341905,-90.33895935467498,1
bQmMPB7y_u4SM2STjTO-bA,0,6,38.7737873876,-90.49691798944998,2
bQmMPB7y_u4SM2STjTO-bA,2,4,38.798338984349996,-90.32140892334999,3
bQmMPB7y_u4SM2STjTO-bA,3,3,38.5801826783,-90.40076850003334,4
b_H4G4woryqNEW5W0E7W7g,0,4,43.610825500000004,-116.246830225,1
biVmz_l-4wYkwrV_eeb9FA,0,3,27.8818049691,-82.84004895603333,1
brdhI1aKGou0k2UcL2i3kg,0,10,27.79941120551,-82.73329001021001,1
bxKtZwV1Xr6JUksBASxiRQ,0,10,39.879611810579995,-75.3275738701,1
bxNF0eU_yKHKcSmnWG9riQ,0,3,39.942562933333335,-75.15929583333333,1
by81q_rpwwMStxhfOhZFwQ,0,16,39.4862515968875,-119.781211935675,1
bzrbURQEIsn7-j3mXyoxRA,0,3,40.0551291,-75.41867696666667,1
cAtnUGFB0WE2FquMoSoiiQ,0,8,29.9537114825,-90.066231258275,1
cFw_PVNvzecqe_3qvoSsUA,0,5,39.78192642274,-75.55090936861998,1
cHrJ3sKZcv6IYkeQ4Sm4-w,0,12,34.425915956666664,-119.71842240797501,1
cI--VISVnwGV-tiuokRlag,0,5,27.96545317532,-82.78241823856001,1
cNbL9w6jQuNMKKjUf32Nhw,0,7,39.5191409827,-119.80954121824286,1
cYfyBD4YteuD2qzwGIYP6A,0,5,29.969184060000003,-90.10996598,1
cYfyBD4YteuD2qzwGIYP6A,1,4,29.949658525,-90.03591734999999,2
ccJ8Mxr8VVz9oJimZNTTwg,0,6,39.94928513928334,-75.19988566955,1
cnN4EEJa9UHskl4Fct1-wQ,0,8,38.77036605875,-90.402746425,1
coM3qJyeAHI78w8qqY28Dw,0,14,39.96263646487144,-75.16730708602857,1
crF0y6p8vQi2Uq97WkJ7AQ,0,10,29.960473637440003,-90.11440636316,1
cvPPdCmm-sq7czAArSg58g,0,7,28.068741553914286,-82.48018826844286,1
cvPPdCmm-sq7czAArSg58g,1,3,27.9536236173,-82.4448133212,2
d1u8IBACgcKroecTqlXxmQ,0,3,39.9735461,-74.88766183333333,1
d7ks3nVCdMV1eI-vfYCSWw,0,12,39.476667157966666,-119.79688193606667,1
dRpoKPePbLoSIiSIS7XymA,0,4,39.89109412355,-74.7611080224,1
dS1ctAuaGo2eRVTe0PWQZg,0,7,39.87257850831429,-75.39796358928572,1
dXcAJzsA9-2x45qi2arazA,0,8,39.9389183522125,-75.15854224938751,1
dfopq7NT06ms9s_tCuF79w,0,3,39.9038345996,-74.95740004209999,1
dfopq7NT06ms9s_tCuF79w,1,3,39.94555281943334,-75.156134338,2
dn76ak6ZEPI7XNhdMpxl6g,0,4,36.032897068875,-86.75910210404999,1
do6uIGdA_L_8IFoJ80stTA,0,3,40.00378149533333,-75.26836886726666,1
dw1Inj5D8v_k5s5j16JoDg,0,10,29.96203031589,-90.07224866742999,1
e0Omm8re_M4FCtTql4o7Mg,0,3,39.8531993,-74.9732217,1
e8a8cRGSP3QOYB2hjpoeSw,0,9,29.95067111111111,-90.06936241111111,1
eMg6PF3efZLrvvqYGJLOpQ,0,4,39.52834568555,-119.81364814525,1
eNxb0N6BGQXMYt9pC1IJqg,0,25,39.953775813932005,-75.17254978284,1
eQB-zeNwKOGk3F1xLQDp5g,0,67,39.94416742744179,-75.16647863298805,1
eTBfcSIRTHaMjakKOrS-BQ,0,9,39.51942760553333,-119.80316789735555,1
eUz32AlWqRcPKxpvz9UP4g,0,6,36.168656271349995,-86.77716891031666,1
eUz32AlWqRcPKxpvz9UP4g,1,4,36.302856785825,-86.6200167918,2
eVIf6rdRbevntBmV85jOrw,0,6,39.952636553599994,-75.16460406901666,1
eVIf6rdRbevntBmV85jOrw,1,3,39.896788107566664,-75.02961712043333,2
eX9W_FuVxfHRvZf0AtnSkg,0,4,39.9499619307,-75.17869787084999,1
e_umI7svTx8bvZWRItCBpw,0,5,28.223204892320002,-82.69035518147999,1
efIx7xceSPAxrAfVg7fqRQ,0,3,39.94736280406667,-75.15979670736667,1
eiCPWdaKEE5RO_vbXS0uUA,0,4,32.219843374999996,-110.868947975,1
ejaGPcz3aDC-EmgThqGvrw,0,4,39.97179692985,-75.29783314000001,1
evJE7AO2ARFHJzB_Is_Thw,0,5,36.175115399999996,-86.751961954,1
ezFwl_4j7dzitHnFUmkPHg,0,23,39.950449694773916,-75.17330844535654,1
f4BpRCgSjzqU8i7OeuY4YQ,0,4,27.938567075,-82.48171875,1
f7ze2In-eT0QORtfp1s4dQ,0,8,39.9849094125,-75.30869391249999,1
f8pr3jhnzvOTA7xoDz2Xxg,0,8,39.507656459912496,-119.7696080443375,1
fExlvvpw8srFzcxKmBIIew,0,34,39.953804935758825,-75.18337918165587,1
fJ4aIGg6XBVNawGQAkUIlw,0,17,32.22793439484118,-110.95386914064704,1
fSCAMVAqVLGMIMfZ8i1ohg,0,4,39.535293126325,-119.77527684195,1
fYNh00VSPj6dc6XbHSpcLQ,0,5,35.92790411488,-86.8344356926,1
fcX6hy0JaXewdgnzYA15Pg,0,25,29.937544906468,-90.0880133337,1
femF4Ekns1BNgAlP9EdOYw,0,14,39.9539364355,-75.16113657502142,1
ffIsvFDbmq6v2dYQlWvn4g,0,5,27.83123922502,-82.69821946182,1
fnREmrNDKsyGEn6CXA4otA,0,12,29.951785648275003,-90.07785030250834,1
fpP-_BD04WApsYy4c2a96Q,0,4,29.952601157900002,-90.067140235575,1
fsPSNoVcGuNtIF-5gBclKw,0,4,36.028071712275,-86.7936131822,1
ftNChbifmX7pxgytv0e-dQ,0,5,29.954637211299996,-90.0659099,1
fx5abtQ1V5SftfGrKfciQQ,0,4,34.429182825,-119.71666035,1
fziqijetygyZ6zqnmIUkIA,0,3,39.95532836666667,-75.15539186666668,1
g-EynTcuFjYKASqQAWMicA,0,4,40.094859025,-75.03370072499999,1
gEjuvV6ffgrlv07q72qYjQ,0,7,29.937101348828573,-90.07805827282857,1
gEjuvV6ffgrlv07q72qYjQ,1,3,36.19110820463334,-86.7444305569,2
gHnT7EfxvHOVZKXUpf6F1A,0,3,29.936368733333335,-90.07594340000001,1
gMYkyX2FaCgto0_RGkngNQ,0,3,27.94627561386667,-82.46177879366667,1
gPuyzGnE3xMtugpmdtiH1g,0,7,39.9004414,-75.0420089857143,1
gTsbM38AKzspKE7Wi_4Rtw,0,4,32.296559880249994,-110.9560035242,1
g_wQNtclPAK5DExUw72wbg,0,4,29.9793613206,-90.16123670600001,1
gch9Ub_QnddF2S-OBXA8oA,0,4,36.04482161575,-86.74802763995001,1
gfHDMulGnn7Yea9Xa0Jz3w,0,16,40.232241373662504,-75.13613795426251,1
gjPQ1d1l0RSBBSe3cJAk3g,0,3,38.617472104933334,-90.1964998847,1
gkg9VqsxPCgpfYXO1dl8CA,1,14,39.95099456330714,-75.15500651823571,1
gkg9VqsxPCgpfYXO1dl8CA,0,4,40.0982034862,-75.07802815272501,2
gmn8xtLg1UoQPoPp4lJWYg,0,5,38.64861950468,-90.31016191004001,1
gnj_AZWXW9hODG8VUvqG_A,0,6,39.5186839107,-119.81124675478333,1
gnj_AZWXW9hODG8VUvqG_A,1,3,36.1445388546,-86.78199931783335,2
guCT9OAeRjWo1Lx4jnvVIQ,0,4,36.153124032674995,-86.78689693235,1
gxt-CF0v4ByVo2-X7KlkEw,0,5,40.21428203542,-75.01184959411998,1
h12vpUDEtHIBYBnpZkx0pw,0,6,36.16375318793333,-86.77875961705,1
h12vpUDEtHIBYBnpZkx0pw,1,5,35.9394563769,-86.83980808176001,2
h1ZPAX2ztQkqzge9FuzR3g,0,8,39.9568113047375,-75.1659105266375,1
h2ROjeSjZZqQzz5ZzM0o9A,0,5,53.53967359605999,-113.55852476634001,1
h2gcZCpwQcG9jrb7Fi9wlg,0,32,39.52000131554687,-119.78980025974688,1
hI-B0cYL6uoZEQU3A0TupQ,0,8,39.7689852935,-86.1548591347875,1
hMlzK6y_0mvV-4RI-ck43w,0,4,34.4236604383,-119.704624215025,1
hMqY99pR5D0s51nSuuSBww,0,4,38.5729338,-89.97809515,1
hNm-uC0HMCAES6U_de-bzw,0,4,39.42967540805,-119.75587776495,1
hNm-uC0HMCAES6U_de-bzw,1,3,29.955321617099997,-90.06752730756666,2
hNm-uC0HMCAES6U_de-bzw,2,3,39.49067787446666,-119.79987396846667,3
hR662pdd6p3Zh0NLQbl9pw,0,3,40.25453418083333,-75.2564409562,1
hR662pdd6p3Zh0NLQbl9pw,1,3,29.950981529133333,-90.06717177693334,2
hTZu4j_SZsiABuU29sQXww,0,5,39.95022886436,-75.15011765557999,1
hZpBOspgZVcenuPgQk-X3Q,0,8,39.499163475275,-119.80717282771249,1
hdjkgTssdEP67KLKioOvRw,0,3,39.4181265,-119.75430493333333,1
hdzTAN8DGJKRddkZ8279JQ,0,13,27.99485634757692,-82.45096553552308,1
hdzTAN8DGJKRddkZ8279JQ,1,3,36.17431803333333,-86.75993096666667,2
hhzPbzqRm3sKS9BRC5brnw,0,3,39.93768280696667,-75.15846856896667,1
hjqY1QiepOXMco82OqCtdQ,0,13,39.64914437965385,-86.11541548705382,1
hjqY1QiepOXMco82OqCtdQ,2,8,39.9152919531,-86.09209121945,2
hjqY1QiepOXMco82OqCtdQ,1,7,39.82686425191429,-86.25123006151429,3
hjqY1QiepOXMco82OqCtdQ,3,7,39.78023507142857,-86.1606267142857,4
hk8Dm8f6aYu1Sl92R4ltOQ,0,4,38.912355,-90.1832363,1
hpTqDXhI6kADYIZsFjKyJw,0,4,36.148093213675,-86.801942809575,1
htWfqjFTrCCddpJ_QGQtQQ,0,8,34.42201800345,-119.697039243925,1
htsnJpyf0SVeDb2glUIrfQ,0,34,40.00375354530588,-75.28784046790588,1
htsnJpyf0SVeDb2glUIrfQ,1,5,40.04676139488,-75.1199292992,2
hx9CFj-rrWBy0eLheQvgwA,0,3,38.89185836666667,-90.17986319956667,1
hzvIwkKaNkMG2766T8YIfA,0,3,39.956668199999996,-75.15994606666666,1
hzvIwkKaNkMG2766T8YIfA,1,3,40.01444374603333,-75.21343253453334,2
i7R5GPfNeFodZqFwixnhog,0,7,39.944819318685724,-75.16179525868571,1
iCnDT4Pntlh1Oxg5m00FCQ,0,4,34.4285501225,-119.714127912525,1
iFJmp5hLuq39R9IiI6J1yQ,0,5,39.7056677493,-75.66115866070001,1
iK3N8s4qhg14cCw2dmdBlQ,0,76,39.7537414018171,-86.31037217324474,1
iK3N8s4qhg14cCw2dmdBlQ,1,10,39.9129294209,-86.10504390221999,2
iK3N8s4qhg14cCw2dmdBlQ,3,6,39.63623150883333,-86.12724111311667,3
iK3N8s4qhg14cCw2dmdBlQ,4,4,39.6045809,-86.375089975,4
iK3N8s4qhg14cCw2dmdBlQ,5,4,36.212433656925,-86.695235668475,5
iK3N8s4qhg14cCw2dmdBlQ,2,3,39.93232566326666,-86.23837598783332,6
iPmtBlrhxOdNufcjqFiczg,0,5,38.64133911714,-90.2929870622,1
iRun7Wy0frkfQPTe6ZUnMA,0,11,39.950088387518186,-75.16116336698182,1
iWATdPcMb-fv94UBLXSFsA,0,6,39.94065717675,-75.17076636113335,1
ibh8iLrJioL90o_iHXedDQ,0,3,38.790107897566664,-89.97127693403333,1
idgPhN-N3gkZBC9Ocnp_sw,0,3,40.2286191,-74.94047053333333,1
ij3FhJBdPulyz7WgeeFr7Q,0,7,38.57666412308571,-90.36939315714287,1
ikmXgusUvPYOqlHt5LuH6w,0,27,36.13486337694815,-86.74404364605188,1
ikmXgusUvPYOqlHt5LuH6w,1,20,35.97916536905,-86.52667561775,2
ikmXgusUvPYOqlHt5LuH6w,2,3,36.057472999999995,-86.65395113333334,3
iu3LcHQrA0EkInB2N0UWCA,0,3,32.2333649,-110.95881396666665,1
iy48sXsYF2wdO7u98rS3ww,0,26,40.10690248182308,-75.37506708182693,1
iy48sXsYF2wdO7u98rS3ww,1,13,40.01724279205385,-75.29033033670001,2
iy48sXsYF2wdO7u98rS3ww,2,12,39.95029203260833,-75.1565271933,3
iy48sXsYF2wdO7u98rS3ww,3,4,40.200928748075,-75.53682097609999,4
iz6amC-ytaz6Dt4RIYtcnw,0,34,32.252713216288235,-110.88125819668824,1
iz6amC-ytaz6Dt4RIYtcnw,1,10,32.31157088,-110.94686408999999,2
j-zK7Oo_sNljumor7Y7yiw,0,9,39.48100018418889,-119.77916972192222,1
j3grLltXv1efw8j1FZ5W0Q,0,3,40.044747636000004,-75.39918442786667,1
jF2NWMxcrPsZCiZ0z8jJSg,1,12,39.94873774166667,-75.1547849,1
jF2NWMxcrPsZCiZ0z8jJSg,0,4,40.258936891649995,-75.1111061827,2
jJroLKOjVKWxfVp7awd6sQ,0,9,32.235589919000006,-110.97290502796666,1
jPUnXRb4Fjc2icuHFA_zqw,0,3,39.951403024466664,-74.95388819356667,1
jSU8wBJ4R6gUle3qbN75yA,0,6,27.96076012606667,-82.48057058529999,1
jSf_SBIKiLRS8WePH1_mfA,0,5,43.59371541038,-116.20383073498002,1
j_dm105rRviZ-xi7xCI5Jg,0,10,39.810915416849994,-86.24661417773,1
j_dm105rRviZ-xi7xCI5Jg,2,4,39.913873021425005,-86.205107553625,2
j_dm105rRviZ-xi7xCI5Jg,1,3,28.037291666666665,-82.49755329999999,3
jjm96iKMzOXHnIhGxvxfCw,0,3,35.988177305166666,-86.58008276206668,1
jkTC2tcJXL_W341a5_8I_A,1,11,43.61153888983637,-116.20059040436364,1
jkTC2tcJXL_W341a5_8I_A,0,4,43.6054666195,-116.321815057425,2
ju3fAGMdNwhwEBC6yXRlOA,0,3,38.660579133333336,-90.33729106666668,1
jwuhvdOUPVnVe-QAS5Ycgg,1,6,36.16496048903333,-86.77059140508334,1
jwuhvdOUPVnVe-QAS5Ycgg,2,4,29.9597799,-90.06296705,2
jwuhvdOUPVnVe-QAS5Ycgg,0,3,38.56045253333333,-90.37632761083334,3
jxN3P8JnAF8k8UBl6knPMw,0,7,40.15938326334286,-74.8906300203143,1
k0p0RWMjvv8Ps1SUSuYL1A,0,16,39.935360602675004,-75.160446979375,1
kDyNXZa_Ph0IdGHQCT1LeA,0,9,39.52982875891111,-119.81260384808891,1
kI4AqkGkZhCI77oShkBXtg,0,3,38.626666,-90.18905876666666,1
kKncnVGJRsJ8j9UnbqmdsA,0,49,39.95675235689592,-75.17329946624285,1
kMuYiGpfaZQ1QktYqbvChw,0,4,39.767081095,-86.14454901955,1
kOG9KvVJ3A-FvNx5WILuwA,0,9,39.95299569295556,-75.17715175385554,1
kOG9KvVJ3A-FvNx5WILuwA,1,6,40.06020986781667,-75.03440484925001,2
kQPM5MJIL4uZWXbyFnHZ-A,0,4,27.946492217474997,-82.49687424999999,1
k_muz40jJaiY1PVga6NDXA,1,98,39.919176964521434,-75.37339000594183,1
k_muz40jJaiY1PVga6NDXA,0,55,39.94894395061637,-75.15900794775636,2
k_muz40jJaiY1PVga6NDXA,4,7,39.840223159328566,-75.5420681611,3
k_muz40jJaiY1PVga6NDXA,2,3,39.7423716766,-75.55894438126667,4
k_muz40jJaiY1PVga6NDXA,3,3,40.068090833333336,-75.1998658,5
k_muz40jJaiY1PVga6NDXA,5,3,40.0077152,-75.2878852,6
ka4y4r5syDvy0TfnVnGwdA,0,8,38.7784590375,-90.4914038875,1
ka4y4r5syDvy0TfnVnGwdA,1,3,38.654245366666665,-90.33739226666665,2
kjfF-u8c55wI8f9Oouac8Q,0,7,29.95691124941428,-90.06528351477144,1
ktsnm5_k0Kb3C8ALMvhHdQ,0,7,39.94958989604286,-74.99937645275715,1
kzkAXy9mJS6gMljzC4xGXw,1,24,34.414402202558335,-119.6965190441375,1
kzkAXy9mJS6gMljzC4xGXw,2,14,43.616891675778575,-116.20525180577856,2
kzkAXy9mJS6gMljzC4xGXw,0,8,34.4298986049875,-119.87107218015001,3
l8YT0FqbvwEzrCH4HrrDKQ,0,7,39.96169489388571,-75.15889320088571,1
l8YT0FqbvwEzrCH4HrrDKQ,1,3,40.07423243333333,-75.1596842,2
lHJIhD0vQ8xjyHUb-IxByQ,0,22,39.950982111368184,-75.15728897585456,1
lIgrsHJACOeILxgcH_1CKw,0,7,34.42577256587143,-119.70804173757143,1
lM1F_4TP8sgIaFVSO14cTA,0,20,27.937049786715,-82.48829054185498,1
lXQDplfo4ncsCiv9CG54wQ,0,6,36.189201993000005,-86.73997433735,1
lZK0EiCyaCYI1FKjoRANoQ,0,5,29.94545794836,-90.07495098196,1
lfrWaxgLJhiF-oC7tO981A,0,21,39.95386884679523,-75.15641951991903,1
lgFj0_TThO-a1j_5X7uWMg,0,3,39.956194824966666,-75.17009637996667,1
ln8B-7rV9JFVOvrsCnUqjA,0,3,29.9760619,-90.16450885873333,1
lo3O4Gd7ADVhN0xlhuQ7tA,0,3,27.963265464433334,-82.81519990323334,1
loisywO3K7nC0hOx4HYgOQ,0,6,36.1621473058,-86.78390261368334,1
lpPBPfO7MSWXxCMyLPb6kw,0,4,39.8611575021,-86.117431880825,1
lpjYic_UWNbDNmyBRXcX-g,0,13,39.951766341030776,-75.1736141347,1
lqLWjv3R2U2wp9Qa5t6nNA,0,5,29.950105653039998,-90.07608463969999,1
lshUkvoHpnQudQklC0q48A,1,13,39.7691029692,-86.15894734881539,1
lshUkvoHpnQudQklC0q48A,0,3,40.216628295633335,-74.93952646666666,2
luneE7MbL8ssjSdfGRp9Eg,0,5,39.944690841559996,-75.15748227676,1
lw_fLBSUSNX7QwryO7euCw,0,6,28.20535531471667,-82.43567812883333,1
lw_fLBSUSNX7QwryO7euCw,1,4,28.078770877674998,-82.502748728825,2
lw_fLBSUSNX7QwryO7euCw,2,3,27.9523424974,-82.52226250413334,3
lx0UBvzgmIu45g9g3G70BA,0,5,40.07134818944,-75.68123114798,1
m22KZqgt2OwitXpC3kPVzA,0,15,27.952186064993327,-82.47535461253332,1
m22KZqgt2OwitXpC3kPVzA,1,8,28.0478490212375,-82.631734341375,2
m22KZqgt2OwitXpC3kPVzA,2,3,27.775120895733334,-82.63250627776667,3
m8ALOcSqmMRPMzBnLOTDUg,0,9,32.22139511917778,-110.82500461092222,1
mGzqdHE2pJqpYdZhS5QweA,0,3,40.2235494,-75.39958593333333,1
mGzqdHE2pJqpYdZhS5QweA,1,3,40.2107425,-75.2767759,2
mJLpf9yNzY2R8m7hVXBzDg,0,51,39.82379154539608,-86.18340116009216,1
mJLpf9yNzY2R8m7hVXBzDg,1,9,39.91789055555555,-86.23259680943335,2
mOUb4M5-UYabzNUtl7CrBg,0,5,29.95386350956,-90.0671397518,1
mOzvWfmM0XgCsI2pJPEFaw,0,4,28.056315776275,-82.41210223575,1
mQAFzRcOv8tsruXOBkGYtg,0,29,39.952260035110335,-75.16048325024828,1
mQgIRFjUWpMpnPVG6Rf_nA,0,5,40.0865801409,-75.01873595518,1
mXiw0HwmtY7eL8hlnVs6aA,0,7,39.91036272434285,-86.21948686168571,1
mcWqvxPLSXGd8NP2RqtuAQ,0,3,32.33293103333333,-111.04109983333335,1
mf87yjv9RJWPiwMWI39YEg,0,11,29.93683031302728,-90.1034774204909,1
mnceWVTuBAA_JbrjOEa70A,0,6,27.98901821666667,-82.72787151666667,1
myWcP4GNisRJImnctIHT6Q,0,3,40.2204958,-74.76898407106667,1
n0srlwBnVO7Hs_bZ1jlFzA,0,12,36.182148107033335,-86.517108696,1
n0srlwBnVO7Hs_bZ1jlFzA,1,5,36.18491246,-86.73833732,2
n5ZcMvJQb07XMjj9pCTYLA,0,7,39.90377856091429,-86.0851801293857,1
n5ZcMvJQb07XMjj9pCTYLA,1,4,39.957450142649996,-86.01667964495,2
nFO1J9FJYFmI6zlKe9nxiQ,0,7,29.961992064885713,-90.06828176875715,1
nFO1J9FJYFmI6zlKe9nxiQ,1,7,39.955143595128575,-75.15485551547143,2
nGLWk4b4DjvET3LDGjJ7eg,0,3,27.778513933333333,-82.64637613333333,1
nGkKPb7xdLsUd1vCk2nqYw,0,7,39.94413917142857,-75.16342121428572,1
nGw5tCOzLDgKbuZbtckVtw,0,4,39.734939499999996,-75.621808675,1
nMyF71OVIEftHtVWrXwsxw,0,6,29.87959994495,-90.02700548736668,1
nT8eqcUUpgfzASqe8ITFQw,0,32,39.9413865265125,-86.10568230979062,1
nU0qJPZ6m8PazfHRQLJxAQ,0,6,38.62629560843333,-90.20133543795,1
nYIH8IHzWp3j33L3qsAz5Q,0,13,29.95631487478461,-90.06551450471537,1
n_xtoc4yZdM7kR8QdKv8Ow,0,5,39.967871011919996,-75.1348400301,1
nb_rhj6Wv_1n0P3P9jVRNw,0,29,39.95111196285517,-75.15081011860346,1
nb_rhj6Wv_1n0P3P9jVRNw,1,3,27.7747470245,-82.63259620856667,2
ncvfEtqeRJrs-CsyLknWmQ,0,9,27.915202374933333,-82.49422322962222,1
ndBvEE4zdrkbw5w0rd0lKQ,1,4,36.173900283175,-86.774070413,1
ndBvEE4zdrkbw5w0rd0lKQ,0,3,29.954547870933336,-90.06966290983333,2
ndUKNiP92lOCG3x0yVeh3Q,1,12,38.59241025089167,-90.47917975240834,1
ndUKNiP92lOCG3x0yVeh3Q,0,11,38.58223596087272,-90.36073257758181,2
nkxgSAyoFvjWvtV4JDR6kw,0,4,38.614398625,-90.22629415,1
nm6rVuEUUjaxjC5K0bvlWg,1,24,39.95152378449583,-75.1611000363375,1
nm6rVuEUUjaxjC5K0bvlWg,0,7,39.916511166528565,-75.0561568096,2
npzsQuq2u8VgBIpA_CDu5Q,0,5,29.90806287774,-90.05198024758,1
npzsQuq2u8VgBIpA_CDu5Q,1,3,29.9607062,-90.18490143333334,2
ntG7xr8zNDX-7Ux5zIqLkA,0,3,35.91792821323333,-86.89874341063334,1
nvExmyNyEOZRW5Am6xhmVQ,0,3,40.034734458066666,-75.2238712,1
nzonwigSpOOJfqLvp3mqHA,0,5,36.154298,-86.78645703999999,1
o3RdErZ9JI6Am3gGi0Kv0g,0,14,43.61260041056429,-116.21840522252857,1
o4iHwVDRfhMMlHF6IlzrJQ,0,47,29.94177629792978,-90.09264842952977,1
o8JbrCaUpbL7M83qeHbSQg,0,14,38.6297306606,-90.26754333085,1
o99n86mgCJ_kbhMbE45CyQ,0,5,29.95566046,-90.06599148,1
oBlfGG-V8TuXVHCkcvvGzg,0,5,34.3968697,-119.51506502,1
oDcCLLZ96VRmNPubnUVEDg,0,5,39.95406731218,-75.15734079896,1
oEj9vDdKeMx1MUuFymfPaw,0,3,39.950652299999994,-75.17142616666668,1
oEj9vDdKeMx1MUuFymfPaw,1,3,27.957349075266666,-82.82796009006667,2
oEj9vDdKeMx1MUuFymfPaw,2,3,29.952345533333332,-90.06877923333333,3
oGKgTy7x8-mD7ngegMh-zw,0,9,28.007095522222222,-82.4982434111111,1
oGKgTy7x8-mD7ngegMh-zw,1,8,27.938713924125,-82.5017456108875,2
oHmfaYSotJty1zTMMp9iNg,0,42,39.95003758038333,-75.17695358810477,1
oJCRGi311azjaB-LwdpMiQ,0,22,43.62299892708182,-116.2142838547,1
oLvssslByKvEAjyfaV03jQ,0,21,36.147723019485724,-86.79519008084763,1
oMbynm2S4a9uU8bnCn5g2Q,0,9,43.6024502471,-116.21637790146666,1
oN0a6KsY7fX5K7CsxKW8Tg,0,15,36.14568409333333,-86.83186901999998,1
oPdEoxq-tq6swa5rvhQQ2A,0,11,27.894159201472725,-82.81729254855453,1
oQBKkCcgAhy2QQuXUwa0Lg,0,3,36.158038299999994,-86.7951533,1
oQlMwfPYbS9VTtz3edTZnA,0,6,29.95606890436667,-90.06564268919999,1
oTpwXmK9QxWkyox3P_HBxw,0,4,39.95099750000001,-75.159862475,1
oga5MeRqIRV-fwGVaRxtsw,0,6,29.945400287116666,-90.07122769511666,1
oj_ron5ljul-wJ47Fx4F_A,0,18,29.93033203861667,-90.08665346005002,1
on7SZ1bo46GKbaVqLIAWhQ,0,92,38.60429879665327,-90.254592972425,1
on7SZ1bo46GKbaVqLIAWhQ,1,6,38.521269272616664,-90.35518450433334,2
on7SZ1bo46GKbaVqLIAWhQ,2,3,38.893116666666664,-90.18750989956668,3
onT-YWW_Ytq3HXgeoKuHIw,1,16,40.1291670281375,-75.3089326509125,1
onT-YWW_Ytq3HXgeoKuHIw,0,8,40.201537188975,-75.10860475605,2
onnQ57YN5i_WDKxY9d1OCg,0,3,38.616576765733335,-90.22091729076665,1
oo-DaKZoUG7tTpq3EAbuzA,0,6,39.9446915,-75.15481526373333,1
orcq1sBl1HPVM8VbQ59RCg,0,4,29.953017025,-90.06734030000001,1
orcq1sBl1HPVM8VbQ59RCg,1,3,36.1598749166,-86.79053792400002,2
orcq1sBl1HPVM8VbQ59RCg,2,3,27.932014863333336,-82.50173475999999,3
p9ORGZoCat056HT35x1R8A,0,3,36.15651138476667,-86.78716081983333,1
pAwMVKafxiZxu00y34-V8w,0,4,38.79484015,-89.9644691115,1
pCAL3IqliKEtiSl_4HPXwA,0,4,39.87412325835,-75.647286004275,1
pCAL3IqliKEtiSl_4HPXwA,1,3,39.877998226066666,-75.5411575198,2
pKCdpxqKFJOPZ1JkPBN2ew,1,18,28.072608499999998,-82.57900201111111,1
pKCdpxqKFJOPZ1JkPBN2ew,0,4,28.0377657,-82.6586114,2
pOAOkXP-_TEOj6v0Z0BBew,0,7,29.950541110285716,-90.0678607755,1
pRd6Qn3_TEgI4sPGFl1FbA,0,29,38.63065544835862,-90.24123930546551,1
pSK1ElVEia-wxyuKcnmxDg,0,15,39.94277961036,-75.15404198791333,1
pXUL0u92Z7Ac8vtfJOCbNg,0,3,40.07666213056667,-75.42950156190001,1
pYekrYx-oSKYTYIxRu9VVg,0,3,39.79516875113333,-86.25685518626666,1
pcJNeSRw8n1NpYNh6q62mg,0,4,34.424358389025,-119.8661726939,1
pe7debduqsuJQw--9Bxcug,1,26,40.02357160441154,-75.66122280856924,1
pe7debduqsuJQw--9Bxcug,0,11,39.84871501558182,-74.98623170287273,2
pe7debduqsuJQw--9Bxcug,2,3,40.039118897799995,-75.55052875080001,3
pflNohq48AYRhoqOjNflnw,0,5,27.9354118519,-82.73174509034001,1
pj6rNuouch7dyYGNUOAjsw,0,13,29.948824825192307,-90.06947849492306,1
pkusnYeNq2MDQpqzYeyoWg,0,36,38.613304807108335,-90.25517308738611,1
plzuk7UVzn-AKU3rsrqZow,0,7,40.07267176275714,-75.07693669295715,1
plzuk7UVzn-AKU3rsrqZow,1,3,40.19254853333333,-75.09756036666666,2
pqxT5IAGPsK4Ko0FZA_5ow,0,12,36.127575072158336,-86.775546449,1
pqxT5IAGPsK4Ko0FZA_5ow,1,10,39.95124181434,-75.15792954016999,2
ptRf4Yc9O-0IqjxqtIiU5Q,0,3,40.0446586,-75.44006436666668,1
ptUShK8U2OvL05BSaw8lRg,0,6,39.49249471619999,-119.79904463645,1
pvi_baolWn7mrtcb9rWAEw,0,8,29.95098880375,-90.068008743875,1
pxYlcqi1lGOlG31kIcHE0g,0,4,36.04553011445,-86.72166706789999,1
q-C1QnpNji4stdxqtkUr8A,0,9,39.91586627484444,-74.98886336020001,1
q-C1QnpNji4stdxqtkUr8A,1,8,39.9548722458875,-75.15585292482501,2
q-vIVTIAcBQ8lkglLERlww,0,8,39.94410812455,-75.15639959500001,1
q2fj9pVg08cz28l9uOFh_Q,1,9,40.092186647366674,-75.08761821954445,1
q2fj9pVg08cz28l9uOFh_Q,0,5,40.046462195420006,-75.23004828959999,2
q2fj9pVg08cz28l9uOFh_Q,2,4,40.227756392025,-75.243358641675,3
qBTNxb_R9qstclpte6_6UQ,0,3,39.94889331776667,-75.1792304707,1
qJ7XTi3J9-lUE2b-I63ZlA,0,11,39.93337085745455,-75.15448922294546,1
qJeMQLpxExtkkuJcTtjulw,0,16,39.95704475533125,-75.1477638818875,1
qJvmZzLTIC417knT4SXCOA,0,5,39.706709951840004,-86.36766762418002,1
qP8PrF1TTmG0rBFApo-JKg,0,3,36.14668913333333,-86.7799128679,1
qQ_FzZU1s18IilbQkhSS1g,0,7,40.08198443635714,-75.3678579261857,1
qSuKs9wHgtWVO6C3kvAlvg,0,3,38.678781764,-90.48294615563333,1
qTMK2qr6ngof4fe29qyooA,0,154,38.617402607345454,-90.27166936274416,1
qTMK2qr6ngof4fe29qyooA,1,5,38.59987624,-90.46913866,2
qVI4IvpTEh47pWuWLRiXVg,0,34,34.423764922847056,-119.70956610493235,1
qVz7EgaL6qYgVKiApx8Nzw,0,6,40.164806855749994,-75.22803706868332,1
qXC3g4MHQDYuq9gyrPzI-w,1,8,40.0144202,-75.3035378125,1
qXC3g4MHQDYuq9gyrPzI-w,0,7,39.94991986955714,-75.16710600757142,2
qfcixZ4nNeFsbflsHD3Dfw,0,4,40.2526705959,-75.251679696275,1
qgLwRvE6JkK_KnbuT5AKmA,0,7,34.416822572842854,-119.70572528721429,1
qh97098p3nkRDlUDzzWvQA,0,5,29.95329758828,-90.0650801437,1
qhTa_gzOMAlVuIr1kvQNKg,0,5,38.63421241708001,-90.28308901151999,1
qj4eSnrR0aZUK2OPT-qYvA,0,103,39.478193600570876,-119.78481510289706,1
ql8cjUqJEn7aUb26Gq49bg,0,70,39.80195399716144,-86.13032706494288,1
ql8cjUqJEn7aUb26Gq49bg,1,6,39.807228780699994,-86.24336692628334,2
qnIc4_kv45nUauKUUpqiKA,0,6,39.87386364868333,-74.95842520923334,1
qrI4af6hudXSpHF7iigeFA,0,3,40.06680913333333,-75.19738403333334,1
qsk5uijH1djK0ZmD0pqnKA,0,5,36.158600612840004,-86.78156935082,1
qsuRj329ek3rCSu6f_FEiA,0,7,39.94788754474286,-75.15616869312858,1
qv1U7csVU1L5T0zP2Ot03Q,0,3,27.96184054663333,-82.4624553333,1
qwd4cN5LrkUbjzyMv9slKA,0,5,40.0227838109,-75.2178786168,1
qznoPwnKEa6MNnVj7C_U6g,0,5,39.70491062072001,-86.37203129608,1
r3ov7FgibBx41_W74I1KiA,1,17,38.62032552908235,-90.21871160850588,1
r3ov7FgibBx41_W74I1KiA,0,4,39.94272807695,-75.15579777095,2
r8NjQpTwjbNpw4n_mz49DQ,0,3,27.948267544566665,-82.47849104913332,1
rDy5a0ZIYxVuShBzX96jYQ,1,30,39.93544786397668,-74.99858791656668,1
rDy5a0ZIYxVuShBzX96jYQ,0,3,39.8776720232,-74.92071883999999,2
rGwM0TgJ5S67DRkRMi99Fw,0,5,39.843848170019996,-74.99357622400001,1
rMYuU_UQejQ4PBNW93gUWg,0,4,53.453462169925004,-113.492949337175,1
rNm9bItfqHT4Y2_tXsjL2Q,0,55,39.5239266398909,-119.78211166923639,1
rPXZ7akmqKq_a_oDEmi_Ig,0,5,27.95733292928,-82.53440238478,1
rQrlI-TFTkHL3Yv2rv5a6g,0,5,38.62560564096,-90.19143776295999,1
rQrlI-TFTkHL3Yv2rv5a6g,1,5,27.7748495,-82.77748576,2
rR14mlsyG31rZ5oedSEtuw,0,10,40.12612291937,-75.13964803264,1
rTRqf7-Jl7nsvbbtNAJFQg,0,4,28.0618807771,-82.503620625525,1
rae3XnBTKX6ANvWZ6i8Y4A,0,78,36.18934403054231,-86.73931730340642,1
rae3XnBTKX6ANvWZ6i8Y4A,1,4,35.9556306872,-86.670596879475,2
rae3XnBTKX6ANvWZ6i8Y4A,2,4,36.376343624049994,-86.46935207,3
rdyPCaD80cgRx7rPzNTRuQ,0,3,39.94009549203333,-75.17257301683333,1
rfxRV2phA3s2YHD7tkS1MQ,0,5,29.954172321999998,-90.06899227548001,1
rk1OhWsJ_bYVfQrLkI93XQ,0,6,28.044951756183327,-82.6817473748,1
rkDzcDOT-ijLVzp8Bq5qUA,0,3,27.774474933333334,-82.63422556666667,1
rnki7PLVT7oIuYH6U0XpAQ,0,6,32.245711190449995,-110.95353137805,1
rtGnlR02bjJXp0cg-RzR6w,0,52,39.51980026309615,-119.8080369138404,1
rtGnlR02bjJXp0cg-RzR6w,1,9,39.60625653192222,-119.8412978997,2
rtGnlR02bjJXp0cg-RzR6w,2,3,39.639616,-119.711696,3
rwKrcSbr5yn_Wwpi23rNvw,1,8,40.15369310105,-74.9305783673,1
rwKrcSbr5yn_Wwpi23rNvw,0,4,40.2349772,-74.9378199,2
s-IamAe1Ix6aZvbrQe9Lkg,0,5,32.23770963324,-110.86934847896,1
s057_BvOfnKNvQquJf7VNg,0,14,38.57632680462143,-90.45355957804286,1
s3IJ26fV1bLk1K0xBiwp9w,0,4,40.01989607,-75.23701500025,1
sA966-_1mkAldIEKf2tt4g,0,6,39.953013259883335,-75.15256173195,1
sAw0nfFSLIhn1AJi1e2oUQ,0,9,32.24700597596667,-110.85761455915555,1
sFGDoz_4F_xswZIqBkKcmw,0,7,38.779839352342854,-90.49006577455714,1
sKqLFcg3gGfvQrlGegl-Qg,0,4,29.943966575,-90.06487015,1
sOGVdjTzOMNMlVs1RWmjcA,0,36,32.26229069474445,-110.95150162013611,1
sOGVdjTzOMNMlVs1RWmjcA,1,5,36.154709280000006,-86.78903898000002,2
sPOo1ONS1-4EVv9bfIGq9A,0,5,29.95953178,-90.10624170000001,1
sUxQgDzUDwD4Sh9Vo-L-ZQ,0,18,32.23190335878334,-110.86454116543888,1
sUxQgDzUDwD4Sh9Vo-L-ZQ,1,3,32.2220225,-110.97330723333334,2
sVt0D9h2qTozyfifDre2Sw,0,8,28.021541971375,-82.6804302114625,1
seQwVtztnrIdVMtOutC4LA,0,5,29.946323089099998,-90.07193477156,1
seQwVtztnrIdVMtOutC4LA,1,3,38.783485500000005,-90.52827933333333,2
skfq3_3CMZhQGVB4bOpcjA,0,4,29.950430630550002,-90.07139276955,1
ss8VEYHv_Ram2iGQ8ucxug,0,11,39.95059182024545,-75.16489546845456,1
ss8VEYHv_Ram2iGQ8ucxug,1,4,40.113973963775,-75.275001061625,2
sy7tdUjMzbCMdB1kFMyHJg,0,8,40.309789722025,-75.130863028475,1
syAUVETWFLn0eXkE4bVvRg,0,6,27.78189417998333,-82.78006848333334,1
sz-6iY15Ukhcgc4CFJJ3xg,1,17,39.54278332472353,-119.76565233202354,1
sz-6iY15Ukhcgc4CFJJ3xg,0,3,43.60438703333333,-116.20666276666668,2
sz-6iY15Ukhcgc4CFJJ3xg,2,3,39.41031119123333,-119.7520735703,3
t-cWCcy1T6gv_JuL8Lsksw,0,20,39.898598950579995,-74.921713474635,1
t50FJnRwDezmTfOhFFPbbA,2,5,32.23261278,-110.85250988,1
t50FJnRwDezmTfOhFFPbbA,0,3,32.325025,-110.928498,2
t50FJnRwDezmTfOhFFPbbA,1,3,32.2252780549,-110.95959951286666,3
t54WpcV6gQWRZfK_7L20uQ,0,3,38.611863411799995,-90.52479185360001,1
tCim-JokIwYtR6z5eAaroA,0,7,39.47428741428571,-119.78080294988571,1
tCim-JokIwYtR6z5eAaroA,1,3,39.639433388066664,-119.71133252743334,2
tDALsTjmosc6ELEhrRHPEA,0,3,39.77427342323333,-86.15690904163334,1
tIlTwpzG6crqT44PP0d0WQ,0,7,38.6142949276,-90.29046008421429,1
tIlTwpzG6crqT44PP0d0WQ,1,3,38.571750466666664,-90.4066343,2
tKgqP5QgDVoG0qCkFolx0w,0,7,39.45781627181428,-119.77692312041428,1
tOxT1uyebPZbBuQmt51xcw,0,6,39.949311050733336,-75.16184618026666,1
tWr6wxuU9Ow4r_SIqQU0uw,0,3,36.09066652276667,-86.69533943900001,1
tgEiQBZtBoGgj4cXtj-eUw,0,8,36.1564504225875,-86.7811996767125,1
tjAOK9sO3SlvzSF-UYn5xA,0,3,40.22841643333333,-74.93689893333334,1
tjAOK9sO3SlvzSF-UYn5xA,1,3,40.1097580028,-75.16517248219999,2
tlxpbxBH8tNdM5bUmt4iww,0,7,39.952940050042855,-75.16289196804287,1
tlxpbxBH8tNdM5bUmt4iww,1,3,29.9567398813,-90.06589017133332,2
tr7MN0awianpN5wKBtRgAg,0,4,28.189846167175002,-82.540848553725,1
ttXX_uQkwH0bMISF4IP3Rg,0,7,36.1625220724,-86.77688630658572,1
u4Jt1on97OGn3-_AfmCuaw,0,4,43.587202702625,-116.3188571969,1
u4Jt1on97OGn3-_AfmCuaw,1,4,43.6164983686,-116.202478946525,2
u7f8qsRYHCwWGUomm659SA,0,9,39.94846361848889,-75.16004920785556,1
u8jHy4P5WhqVwNBFvfeo3Q,0,5,28.361757620000002,-82.70006020718002,1
u8jHy4P5WhqVwNBFvfeo3Q,1,3,28.160015599999998,-82.7561752447,2
uDraUZMGBf2GYE_Z-6Ue9Q,0,3,27.899608233333336,-82.8479398,1
uMvlh5oocS-D9afL9SyMLA,0,5,29.9594792902,-90.06754015316,1
uPvyXXs3XWY7iYk9Sqy-wQ,0,4,28.49299081105,-82.5422756163,1
uSVd8L6hqe5N6k5W5nD3Qw,0,3,36.31293284383333,-86.6210810626,1
uaGusfCX2BCNb9aXeW43TA,0,3,30.016809428766663,-90.2429601513,1
ubDcRO1LhtpTXeeI9r08wA,0,4,39.952326225,-75.1963112,1
ud_FXCdYEBzEmN-StimrhA,0,19,39.941747306531575,-75.15874928252632,1
ugk0g6vyv2XavpoTaJSy6A,0,6,39.95034149883333,-75.16905929235,1
uqBfXS2d5nMAW1oKB6uHnA,0,3,38.74278116666667,-90.3336721,1
uuj_1xYQDVcqUCskx9uMbw,0,5,27.94281734832,-82.4687451762,1
uuj_1xYQDVcqUCskx9uMbw,1,5,27.774083017100004,-82.63312134356,2
uzJz5yrEKWIhKzcR3uIlsA,0,26,38.62208224428077,-90.2571374791654,1
uzJz5yrEKWIhKzcR3uIlsA,1,4,38.525091825,-90.358014275,2
uzJz5yrEKWIhKzcR3uIlsA,2,3,38.34434112706666,-90.15096719623334,3
v0ybVZuZn1oz8FxrLIjPOg,0,8,39.514968823800004,-119.8357496925625,1
v2uq7UUFJqaRSQNcd5K-xw,0,38,39.76418340328685,-86.23724385665001,1
v6m5JohOSluoiQ4eqIEVxg,0,6,39.95156321273333,-75.17235859878333,1
v8BQSU_iU9DShiGI5T00_Q,0,6,27.938149366033333,-82.50111623066667,1
vDNrQU7yYNgkXfSwQCb8uA,0,7,29.9463715311,-90.08065066798574,1
vDNrQU7yYNgkXfSwQCb8uA,1,4,30.002176359825,-90.17208855535,2
vGHWoT-knZ5kNDDRaZS2lw,0,7,27.776034242857143,-82.64294172857142,1
vJ9d8w9Sj8lrJw8d-K1olQ,0,9,32.25383409212222,-110.96367464575555,1
vM14ysC_qD69WI0HwoBMuA,0,7,29.952559577399995,-90.06853777282858,1
vQAa8zdp3NSEKgCotEobbw,1,5,38.55132794,-90.30514342000001,1
vQAa8zdp3NSEKgCotEobbw,0,4,38.71498005,-90.452052925,2
vQAa8zdp3NSEKgCotEobbw,2,3,38.62880826666667,-90.2377258,3
vQHh2F5wXHx0CiT4sPt74A,0,3,27.772951966666668,-82.6370974,1
vTHOhd8DXvZT4eHndd591g,2,5,39.94980326606,-86.03983924341999,1
vTHOhd8DXvZT4eHndd591g,1,4,39.770592392425,-86.157662731225,2
vTHOhd8DXvZT4eHndd591g,0,3,39.934940987299996,-75.15615912673333,3
vTHOhd8DXvZT4eHndd591g,3,3,29.952127237400003,-90.06683661710001,4
vVXGnFehkEoL5sNoqK4CUA,0,10,39.76911654305,-86.15316306771,1
vZsH7VYNIa42wo4-f1svEQ,0,9,40.232136752955554,-74.94031455837778,1
v_nzP2R1_wAyOw48D9ToWg,0,3,39.76612211456666,-75.69791116713333,1
vaxt3aJ9U5WdgEo1PNgn_g,0,6,38.63068332796667,-90.24444029698334,1
vcgEvc7YJsskN5exSG6ewA,0,3,32.241305685899995,-110.94803722329999,1
vh_c8-LWkDDmZRg8KaC-xA,0,4,29.960387578675,-90.0716133617,1
vxeB-x3pLi6xWnDnQUaCMg,0,5,38.86710000206,-90.08615405821999,1
w6tpXm0c3iIF872A-u_GAw,0,16,27.95418565740625,-82.466637592225,1
wD_ajXsHopqvjxbQSHnGjA,0,5,39.93835597732,-75.16486292212001,1
wEua7xjmvvMCrrYJeoN-Xg,0,5,43.609811806719996,-116.30567676466,1
wI2YTLDtbj9wkVQBiM8DEQ,0,4,39.949969837425,-75.159790207125,1
wLRNQ5_xM9E_Am5lh9jASQ,0,8,28.056874887575,-82.7485781385875,1
wLbQ_22n5_F409Rc61IGiQ,0,4,36.15890615715,-86.777731955925,1
wN7aftG7QsS8xktkaZ74nw,0,3,39.4998703667,-119.80154149750001,1
wTdEJv1VYUdlZ0_fS_vT5A,1,44,29.931061171343185,-90.08023886283182,1
wTdEJv1VYUdlZ0_fS_vT5A,0,25,29.996924955863996,-90.185393247064,2
wW8_92GRWJScXy96GDNpmQ,0,5,36.15962243344,-86.77371796944,1
wY-pfw3kF5_fWRSHpRZzXQ,0,5,27.7751050492,-82.64355761851999,1
wdgq_LkASF6ggKJSaLUNIA,0,4,32.23957882665,-110.80409136104998,1
wdyd3EkJtkTzH3sM0JmV2g,0,8,29.9492931241875,-90.0678019726875,1
wggO14a49phj5eGA_KFJ5w,0,6,29.957318812233336,-90.06449705186667,1
wk5KGCCry6mTVtJUJoSaqA,0,7,27.815294353214284,-82.72289443642856,1
wm5g3HlFd4U91iYcqXGM2A,0,4,39.959652849449995,-75.60662377850001,1
wtMYSKrt3yE2r-TNp_6spA,0,7,39.73203175735715,-75.07335991178572,1
wuVdyjawx8yVotASEQPn6w,0,12,39.96070020483332,-75.16924442112501,1
wyq_nDwEKwa0bEsN2oT_hQ,0,4,39.942083445925,-75.160349756825,1
x0SrRrrCqQnQQlHo58SA3A,0,3,39.95242646666667,-75.23231600000001,1
xAOQlKAe8a_FfaDepK0kMw,0,15,27.952048347193333,-82.48322346667332,1
xBtMG7PnChQpnpQR6O8zNQ,0,18,39.72429974485556,-75.59484937797222,1
xCGRIro1UK646WZmRROHLg,1,7,28.185656293728574,-82.35495867264285,1
xCGRIro1UK646WZmRROHLg,0,6,28.213352692,-82.45522098053334,2
xCGRIro1UK646WZmRROHLg,2,5,36.21272321482,-86.70083291716,3
xCeBWM3AJrUfq6YCo3U-Vw,0,9,39.95059525316666,-75.16609287191112,1
xEU5fkcMNfF3yXzj7jD7jA,0,3,32.233598068266666,-110.9598748317,1
xHf19ZkzGRWRd4JcIQ0mig,0,4,35.935418445775,-86.845227423225,1
xK10fav5yVNepAidSjl2Lg,0,7,28.21074738471429,-82.69184100587142,1
xKD6xH0ga9KsMXDIwz2MCw,0,6,39.948450257383335,-75.15539378776667,1
xQ1tKIQZPEuIr33V_YXWyw,0,14,40.25402108169286,-75.65328387787856,1
xQ1tKIQZPEuIr33V_YXWyw,1,8,40.325698475,-75.6178175375,2
xQ1tKIQZPEuIr33V_YXWyw,2,3,40.19783838206667,-75.5232606387,3
xR8FqS8xH9SD2W9d67Zawg,0,5,27.9188685647,-82.50441892421999,1
xVL65My7jYzFTYrG4WLOWw,0,4,27.78001996825,-82.63892396157499,1
xYzAQ7TLBEotU2tzWy1n4g,0,3,27.7952978,-82.79377033333334,1
xZx17dwUwHQmXCXEV4HDEA,0,6,39.947045462,-75.16400378886667,1
xZx17dwUwHQmXCXEV4HDEA,1,3,27.960120696700002,-82.4402323824,2
x_ARxnT3Jeci4H3g99qgPA,0,3,38.63483516666667,-90.25784653333334,1
xmy3Tfla9k58FW4H1-5-2w,0,4,39.949096985425,-75.15985154232499,1
xn45v0BaWqKJlom0CDiVQg,0,3,36.16250997153333,-86.78629631786669,1
xp9ARKy_Jm34TrlG3z3UdA,0,12,34.41280557903333,-119.71298430980836,1
y-vE9nQyauGck-wlM5R1PA,0,6,34.41312163911667,-119.85177001338333,1
y1lzOjoBhDulOPc7v-xCOQ,0,24,39.77700442101667,-86.21225734789168,1
y1lzOjoBhDulOPc7v-xCOQ,2,15,39.89781913880001,-86.11744752404668,2
y1lzOjoBhDulOPc7v-xCOQ,1,7,39.85110896522857,-86.3885697305,3
y1lzOjoBhDulOPc7v-xCOQ,3,6,39.7634224353,-86.34489391723332,4
y1lzOjoBhDulOPc7v-xCOQ,4,4,39.978353649425,-86.11815833455,5
y3_iyuUmSnAvsoFBgh7jKQ,0,4,38.646796470800005,-90.298693569175,1
y41eTjSb9kbQsA5V6bAEUQ,0,4,39.9560166741,-75.158665196,1
y750_nHP1Lgu9rvAtZdnsw,0,9,39.9509266522,-75.15651808453335,1
yAzWY3vyTdmLjK1blLfHiA,0,3,39.4907660628,-119.79990120106667,1
yAzWY3vyTdmLjK1blLfHiA,1,3,39.428306733333336,-119.74298979999999,2
yI3nFKpz_hZMhiVh6UbXfg,0,6,39.95174701341667,-75.1677238899,1
yXhsuwDpKVD2vPdT3H5qow,1,12,40.2582771601,-74.788076135325,1
yXhsuwDpKVD2vPdT3H5qow,0,3,39.946989450833335,-75.16384637293334,2
yZ7hQ1ecvmBJRGjVVTPHhw,0,11,36.153491752345445,-86.79213010167273,1
yZcwTVKnu4bsvPNnkGkbWg,0,4,39.94964311345,-75.155160568825,1
yaDSKPoiZe13cCZtAU15vA,0,40,32.306588614457496,-110.9968044849325,1
yeV0fb77bIPg2ImuNuDKmA,0,6,36.3064858015,-86.69494922823334,1
yi8MUcO3O6ALXErrFuj2_A,0,39,39.94801542717179,-75.1782449729154,1
yi8MUcO3O6ALXErrFuj2_A,1,6,39.91892202806667,-75.35153387316667,2
yiu7X_J6RFh8-7Dn-pKPkg,0,19,38.628330053863166,-90.27559667632632,1
yoG0aATEmo3Eq0sxUlDpBQ,0,4,34.417645775,-119.70049130000001,1
yzaPaf8QIMuDtj6nkEyeuw,0,5,38.78298806,-90.50299835718,1
yzaPaf8QIMuDtj6nkEyeuw,1,3,38.68670903333334,-90.4300157583,2
z9h4AXLMP29mytkzDXIYOw,1,16,27.94071123748125,-82.48775434334375,1
z9h4AXLMP29mytkzDXIYOw,0,5,39.951325410660004,-75.15565440242001,2
z9mQ_Bh98tfsp3ISA83zwA,0,19,32.25873481807895,-110.92662038393684,1
zAF--quEXsxrIDceOAAAzA,0,3,39.854967566666666,-75.08199823333332,1
zAHE7e-CDCVJo2TSYlxSXQ,0,7,39.9660419291,-75.16327188908572,1
zAv3O_apoDvS9tbGWv3DlA,0,7,39.52099893851429,-119.79252867562857,1
zBAqRls7-ODf8JC9KEPrvQ,0,54,43.609310322796304,-116.27262026174814,1
zBsAh1NiDw9lPfYMRFZgVA,0,5,53.46391275928001,-113.46065618697999,1
zM6JbV30m_wMspAlzXafog,0,6,29.954716336200004,-90.06304109799999,1
zV0ujEgvsCGoPsTwuur8cg,0,8,36.1408505315375,-86.8321063424125,1
zXLtePKW9Gv07avI3ST93w,0,5,32.245781538719996,-110.95956018908001,1
zXLtePKW9Gv07avI3ST93w,1,3,29.953250999999998,-90.06512980000001,2
zYikFTtJpwPUSHkIweunHQ,0,8,39.96414298256249,-75.1530093645,1
zZrb6PhlsLD3L5WcZ-c0Tg,0,21,39.50921625811428,-119.80277160595237,1
z_j5j0IwcjwlzBxHrcTQAw,0,5,39.47397238398,-119.7920205659,1
za-mhBnShYZ7FDhuE1k0Ew,0,5,34.4185987824,-119.69780103456,1
zburgin1HAiVGMRYtOQB1g,0,4,34.4306334809,-119.825760445225,1
zburgin1HAiVGMRYtOQB1g,1,4,34.42082545,-119.664206825,2
zgxCCHJPYpdH-otHSwlsQA,0,3,39.916743273399995,-74.93838999263333,1
ziB_bQFM0Hdp8j4dkdHkyQ,0,17,32.2733117062647,-110.94502952734118,1
ziB_bQFM0Hdp8j4dkdHkyQ,2,5,32.308003799999994,-110.84388119999998,2
ziB_bQFM0Hdp8j4dkdHkyQ,1,3,32.2254395,-110.85702596666665,3
zr9PstOo-1m5da1TdXxESA,0,6,38.64882705,-90.28007038333334,1
zrkXhlOzlVF1yUoN6xNR8w,0,3,38.633672599066664,-90.23031169076667,1
